catchment_id,pixel_count,area_km2,mean_slope,mean_flow_accum,max_flow_accum,drainage_density,region,center_lat,center_lon,nearest_grid_cell_id,grid_distance_deg,rainfall_match_quality
C1,1722,1.55,67.02,47.03,1722.0,0.213,Uttarakhand,29.996150148406244,78.76845705897536,30.0_78.75,0.018854293498133987,good
C2,1524,1.372,72.2,31.79,1524.0,0.219,Uttarakhand,29.986513378536014,78.53535068533101,30.0_78.5,0.03783596056511585,good
C3,2046,1.841,73.62,37.75,2046.0,0.407,Uttarakhand,29.987182714239164,78.44038286086673,30.0_78.5,0.06097939072104706,good
C4,1230,1.107,70.61,39.68,1230.0,0.027,Uttarakhand,29.992207542908762,78.92383039747065,30.0_79.0,0.07656716487501389,good
C5,2450,2.205,71.53,38.96,2450.0,0.259,Uttarakhand,29.989151020408162,78.75015328798186,30.0_78.75,0.010850062460165903,good
C6,1249,1.124,69.63,29.39,1249.0,0.08,Uttarakhand,29.97606040387866,78.84039676185394,30.0_78.75,0.09351298741955881,good
C7,1345,1.21,71.6,27.37,1345.0,0.099,Uttarakhand,29.98054956629492,78.82676662536143,30.0_78.75,0.0791923868859743,good
C8,1424,1.282,72.87,36.98,1424.0,0.375,Uttarakhand,29.98096598002497,78.71187148876405,30.0_78.75,0.042615458292503565,good
C9,1634,1.471,70.85,47.64,1634.0,0.592,Uttarakhand,29.98281211750306,78.76180300557596,30.0_78.75,0.020850281661279967,good
C10,1643,1.479,75.59,29.69,1643.0,0.203,Uttarakhand,29.973451680530193,78.45367637113681,30.0_78.5,0.05339187070824245,good
C11,1849,1.664,75.98,30.25,1849.0,0.288,Uttarakhand,29.97374061054023,78.94775344029806,30.0_79.0,0.05847442633740409,good
C12,1782,1.604,73.76,40.14,1782.0,0.505,Uttarakhand,29.970836762688613,78.90566576256391,30.0_79.0,0.09873926657175584,good
C13,1638,1.474,69.26,38.87,1638.0,0.407,Uttarakhand,29.96103038936372,78.3548483923484,30.0_78.25,0.11185622884393838,good
C14,1241,1.117,73.62,24.13,1241.0,0.027,Uttarakhand,29.958480839824514,78.82384322678844,30.0_78.75,0.08471518638477257,good
C15,1349,1.214,75.01,29.59,1349.0,0.049,Uttarakhand,29.96884852977514,78.53166048925131,30.0_78.5,0.04441622087483937,good
C16,3664,3.298,76.79,51.8,3664.0,0.491,Uttarakhand,29.96081134764677,78.96241357350802,30.0_79.0,0.054299999352665995,good
C17,1213,1.092,73.03,21.34,1213.0,0.027,Uttarakhand,29.95518938353027,78.34175322890904,30.0_78.25,0.1021109512424212,good
C18,1427,1.284,75.7,22.91,1427.0,0.07,Uttarakhand,29.95510706221288,78.48546231410107,30.0_78.5,0.047188135950197364,good
C19,1719,1.547,76.59,38.92,1719.0,0.252,Uttarakhand,29.949509243099993,78.92522752246138,30.0_79.0,0.09022327820246,good
C20,1834,1.651,77.77,31.73,1834.0,0.218,Uttarakhand,29.94905837271295,78.95610989943052,30.0_79.0,0.06724128433226173,good
C21,1395,1.256,74.79,22.7,1395.0,0.072,Uttarakhand,29.94681142970928,78.57237176423736,30.0_78.5,0.08981478869539845,good
C22,1247,1.122,76.75,26.59,1247.0,0.053,Uttarakhand,29.94549897531854,78.80861779381628,30.0_78.75,0.08004003650184899,good
C23,1351,1.216,76.65,28.61,1351.0,0.099,Uttarakhand,29.945556583600624,78.58311703265072,30.0_78.5,0.09936058929926185,good
C24,1244,1.12,78.03,21.84,1244.0,0.027,Uttarakhand,29.946149294390853,78.47445270632369,30.0_78.5,0.059603378333670756,good
C25,1204,1.084,78.86,30.32,1204.0,0.028,Uttarakhand,29.93721276301218,78.55428363787377,30.0_78.5,0.08299970162220352,good
C26,1590,1.431,73.46,24.93,1590.0,0.042,Uttarakhand,29.94786250873515,78.34930118798044,30.0_78.25,0.11215633700206128,good
C27,1373,1.236,78.12,30.59,1373.0,0.291,Uttarakhand,29.938570445901107,78.39729121145909,30.0_78.5,0.11967742209928316,good
C28,1265,1.138,77.03,38.51,1265.0,0.264,Uttarakhand,29.940188844971452,78.88357861220905,30.0_79.0,0.130886644853552,good
C29,1863,1.677,78.17,29.45,1863.0,0.215,Uttarakhand,29.93687466451959,78.95118089103597,30.0_79.0,0.07980045977032837,good
C30,1763,1.587,79.06,32.03,1763.0,0.189,Uttarakhand,29.943096048402342,78.97076085586438,30.0_79.0,0.0639764586173062,good
C31,2097,1.887,76.72,40.04,2097.0,0.318,Uttarakhand,29.93454273300482,78.90903632172946,30.0_79.0,0.11206714311958017,good
C32,1986,1.787,80.09,30.36,1986.0,0.218,Uttarakhand,29.932942682108088,78.6846016560367,30.0_78.75,0.09366764263073148,good
C33,1906,1.715,80.01,32.28,1906.0,0.262,Uttarakhand,29.92997799347091,78.54727629124403,30.0_78.5,0.0844874494357027,good
C34,1389,1.25,79.81,26.22,1389.0,0.096,Uttarakhand,29.936977241820653,78.98274398048157,30.0_79.0,0.06534246902400305,good
C35,2178,1.96,75.8,33.42,2178.0,0.153,Uttarakhand,29.934046908478724,78.47824966840119,30.0_78.5,0.06944701005710772,good
C36,1383,1.245,78.38,22.77,1383.0,0.024,Uttarakhand,29.921112517072384,78.3750686912509,30.0_78.5,0.14775339883879912,good
C37,1612,1.451,80.04,40.04,1612.0,0.455,Uttarakhand,29.92555503859939,78.99582764681556,30.0_79.0,0.07456179188454264,good
C38,1311,1.18,78.9,38.68,1311.0,0.254,Uttarakhand,29.927744088482072,78.9788808373591,30.0_79.0,0.07527905273008847,good
C39,1848,1.663,78.08,26.1,1848.0,0.018,Uttarakhand,29.923052098364597,78.8024745971621,30.0_78.75,0.09313733361771044,good
C40,1250,1.125,80.05,28.1,1250.0,0.107,Uttarakhand,29.92035,78.49759333333334,30.0_78.5,0.07968635105489864,good
C41,1354,1.219,76.24,29.62,1354.0,0.123,Uttarakhand,29.91646787296898,78.555701009355,30.0_78.5,0.10040029227792538,good
C42,2264,2.038,80.45,38.58,2264.0,0.368,Uttarakhand,29.913924838044757,78.62524550942285,30.0_78.75,0.1515672010191671,good
C43,1826,1.643,80.18,38.03,1826.0,0.347,Uttarakhand,29.913357368869416,78.79887915297554,30.0_78.75,0.09947922961521705,good
C44,1423,1.281,81.78,30.97,1423.0,0.258,Uttarakhand,29.90665593035059,78.96882915593035,30.0_79.0,0.0984110606523911,good
C45,1446,1.301,84.6,29.11,1446.0,0.092,Uttarakhand,29.895528853542338,78.88476678961119,30.0_79.0,0.15554071241539855,good
C46,1309,1.178,84.22,38.53,1309.0,0.229,Uttarakhand,29.89183537051184,78.87748132586368,30.0_79.0,0.1634332052687949,good
C47,1263,1.137,80.79,23.19,1263.0,0.026,Uttarakhand,29.902886645552915,78.39719143133632,30.0_78.5,0.14142349664266873,good
C48,2589,2.33,84.25,49.96,2589.0,0.528,Uttarakhand,29.89108718509935,78.89378492339385,30.0_79.0,0.1521303511730409,good
C49,1365,1.228,82.87,23.16,1365.0,0.049,Uttarakhand,29.89484004884005,78.59815832315833,30.0_78.5,0.1438529517709612,good
C50,1974,1.777,84.13,35.35,1974.0,0.355,Uttarakhand,29.89301460655184,78.98589130924238,30.0_79.0,0.10791167483711714,good
C51,1667,1.5,83.5,29.57,1667.0,0.04,Uttarakhand,29.893900053322668,78.9484731387056,30.0_79.0,0.11795005773540639,good
C52,1844,1.66,84.36,32.79,1844.0,0.235,Uttarakhand,29.8923980175946,78.97466497951314,30.0_79.0,0.11054433445745436,good
C53,2025,1.822,84.02,33.12,2025.0,0.28,Uttarakhand,29.884278463648833,78.56815692729768,30.0_78.5,0.13430130570525173,good
C54,1669,1.502,84.64,32.86,1669.0,0.22,Uttarakhand,29.892424938419545,78.96563993742095,30.0_79.0,0.11292921577021266,good
C55,2035,1.832,84.47,41.93,2035.0,0.508,Uttarakhand,29.883220174720172,78.90614482664483,30.0_79.0,0.14982096367970474,good
C56,1421,1.279,86.58,24.72,1421.0,0.023,Uttarakhand,29.87680760810071,78.7408429118774,30.0_78.75,0.123532253621286,good
C57,1445,1.3,84.98,26.32,1445.0,0.161,Uttarakhand,29.88270549788543,78.98702037677816,30.0_79.0,0.11801046921898962,good
C58,1401,1.261,85.62,31.3,1401.0,0.048,Uttarakhand,29.87886688079943,78.46432944722025,30.0_78.5,0.12627597120146303,good
C59,1714,1.543,84.79,26.44,1714.0,0.078,Uttarakhand,29.877305361078697,78.65749060028524,30.0_78.75,0.15366184775543185,good
C60,1355,1.22,85.07,25.6,1355.0,0.074,Uttarakhand,29.88257954079541,78.96387105371055,30.0_79.0,0.12285302194005362,good
C61,2509,2.258,86.03,47.47,2509.0,0.531,Uttarakhand,29.876432952482173,78.87144402373677,30.0_78.75,0.17325549380510405,good
C62,1338,1.204,86.25,25.32,1338.0,0.025,Uttarakhand,29.87862917289487,78.88296524663677,30.0_79.0,0.16860608282910614,good
C63,1374,1.237,86.41,39.74,1374.0,0.315,Uttarakhand,29.87032083939835,78.8026938783762,29.75_78.75,0.13135352759575789,good
C64,1956,1.76,85.41,37.95,1956.0,0.426,Uttarakhand,29.878826829129743,78.85814687002954,30.0_78.75,0.1624151558073921,good
C65,1652,1.487,85.62,26.57,1652.0,0.101,Uttarakhand,29.877752219531878,78.68672551789078,30.0_78.75,0.13765238797628013,good
C66,1444,1.3,86.7,28.32,1444.0,0.185,Uttarakhand,29.87149719144352,78.923280047707,29.75_79.0,0.1436924445073723,good
C67,2361,2.125,86.52,34.48,2361.0,0.212,Uttarakhand,29.869937526471833,78.57851051814204,29.75_78.5,0.14334891598862265,good
C68,2181,1.963,86.47,38.92,2181.0,0.443,Uttarakhand,29.8697186560701,78.9064845381833,29.75_79.0,0.1519134563164829,good
C69,2167,1.95,87.21,37.95,2167.0,0.154,Uttarakhand,29.8642854945393,78.81276739475979,29.75_78.75,0.13038757650567506,good
C70,1469,1.322,86.95,20.84,1469.0,0.045,Uttarakhand,29.866354663036077,78.9309146433704,29.75_79.0,0.13531886088375866,good
C71,1875,1.688,87.25,28.73,1875.0,0.124,Uttarakhand,29.869681185185183,78.45346755555556,29.75_78.5,0.12840893455404367,good
C72,1295,1.166,87.19,40.71,1295.0,0.36,Uttarakhand,29.863645645645644,78.89538138138138,29.75_79.0,0.15446808128504305,good
C73,1360,1.224,87.54,28.88,1360.0,0.147,Uttarakhand,29.864443627450978,78.9548564133987,29.75_79.0,0.12302555537516248,good
C74,1391,1.252,88.45,32.54,1391.0,0.168,Uttarakhand,29.856232326863168,78.5033325345475,29.75_78.5,0.10628458522887134,good
C75,1729,1.556,88.73,29.78,1729.0,0.174,Uttarakhand,29.853986568986567,78.52108894029948,29.75_78.5,0.10610348690101108,good
C76,1390,1.251,89.53,27.22,1390.0,0.048,Uttarakhand,29.84850659472422,78.53659492406075,29.75_78.5,0.10508443115501902,good
C77,1739,1.565,89.55,39.81,1739.0,0.403,Uttarakhand,29.848908056993164,78.73056130598684,29.75_78.75,0.1008001317613237,good
C78,1457,1.311,89.21,34.82,1457.0,0.252,Uttarakhand,29.841070502554714,78.55610691680013,29.75_78.5,0.10696645524829383,good
C79,2100,1.89,89.41,38.38,2100.0,0.365,Uttarakhand,29.849009656084654,78.88778214285715,29.75_79.0,0.1496521281497025,good
C80,1382,1.244,89.58,25.43,1382.0,0.024,Uttarakhand,29.847142426435116,78.4411486975398,29.75_78.5,0.1135787251863821,good
C81,1312,1.181,89.29,30.73,1312.0,0.203,Uttarakhand,29.84014926321138,78.7306360094851,29.75_78.75,0.09220549759215001,good
C82,1702,1.532,89.43,33.09,1702.0,0.333,Uttarakhand,29.84112498367933,78.74898110066589,29.75_78.75,0.09113067983072994,good
C83,1601,1.441,88.36,34.05,1601.0,0.291,Uttarakhand,29.833009056839472,78.5640032271497,29.75_78.5,0.10481849361135924,good
C84,1969,1.772,88.54,27.88,1969.0,0.203,Uttarakhand,29.83322823204108,78.90799418768692,29.75_79.0,0.12406453203100694,good
C85,1449,1.304,87.84,29.14,1449.0,0.207,Uttarakhand,29.830829115865345,78.49526148301511,29.75_78.5,0.08096789187566565,good
C86,1590,1.431,88.8,26.88,1590.0,0.147,Uttarakhand,29.835105520614952,78.83780013976241,29.75_78.75,0.12227761112092596,good
C87,2065,1.858,88.19,46.02,2065.0,0.533,Uttarakhand,29.83019504977132,78.93892951304817,29.75_79.0,0.10080104356780516,good
C88,1320,1.188,86.84,27.17,1320.0,0.152,Uttarakhand,29.82250547138047,78.87495728114479,29.75_78.75,0.14446925448413478,good
C89,2216,1.994,87.99,37.16,2216.0,0.241,Uttarakhand,29.831916741877254,78.66820835840353,29.75_78.75,0.1157593418901028,good
C90,2601,2.341,86.79,40.45,2601.0,0.436,Uttarakhand,29.82136496646589,78.52875272331156,29.75_78.5,0.07693944070831552,good
C91,1277,1.149,87.62,35.62,1277.0,0.183,Uttarakhand,29.822551118071868,78.91984142521535,29.75_79.0,0.1081159648016147,good
C92,1321,1.189,86.44,22.21,1321.0,0.025,Uttarakhand,29.81874905374716,78.6845607284044,29.75_78.75,0.09491433325947939,good
C93,1250,1.125,85.8,27.7,1250.0,0.053,Uttarakhand,29.81361088888889,78.88130755555557,29.75_79.0,0.13466343807221637,good
C94,1551,1.396,85.49,31.28,1551.0,0.236,Uttarakhand,29.806350383265276,78.9637413138477,29.75_79.0,0.06700789517388252,good
C95,1553,1.398,83.33,32.74,1553.0,0.279,Uttarakhand,29.80035683623095,78.73684392215783,29.75_78.75,0.05204703007261731,good
C96,1311,1.18,84.59,23.2,1311.0,0.025,Uttarakhand,29.798213619798286,78.80664018137131,29.75_78.75,0.07438187467272016,good
C97,2479,2.231,83.05,42.68,2479.0,0.39,Uttarakhand,29.79194108287392,78.77990486755412,29.75_78.75,0.05151073224160731,good
C98,3281,2.953,81.15,59.47,3281.0,0.62,Uttarakhand,29.780492227979273,78.77780808696536,29.75_78.75,0.041268216193740256,good
C99,1868,1.681,79.65,26.03,1868.0,0.196,Uttarakhand,29.776128211991434,78.87612761717821,29.75_79.0,0.12659798848250595,good
C100,1609,1.448,82.18,26.0,1609.0,0.104,Uttarakhand,29.78072439748636,78.98982425246875,29.75_79.0,0.03236563669572331,good
C101,1380,1.242,80.8,27.71,1380.0,0.193,Uttarakhand,29.780280595813203,78.97215921900161,29.75_79.0,0.04113421409730347,good
C102,1817,1.635,81.36,44.79,1817.0,0.385,Uttarakhand,29.777616033755272,78.99639332232618,29.75_79.0,0.027850555545897906,good
C103,3971,3.574,80.51,47.08,3971.0,0.344,Uttarakhand,29.768789697529307,78.9717652984135,29.75_79.0,0.033915352083112374,good
C104,1540,1.386,78.66,29.44,1540.0,0.195,Uttarakhand,29.761974025974023,78.90939033189034,29.75_79.0,0.09139742476115004,good
C105,1214,1.093,78.25,26.05,1214.0,0.027,Uttarakhand,29.76991739886509,78.86931585209592,29.75_78.75,0.12096683569858001,good
C106,1491,1.342,79.51,26.81,1491.0,0.134,Uttarakhand,29.763318615396077,78.96133355689695,29.75_79.0,0.04089595748127591,good
C107,1810,1.629,77.59,32.61,1810.0,0.276,Uttarakhand,29.75901012891344,78.95050644567219,29.75_79.0,0.05030700093462887,good
C108,1337,1.203,78.47,28.47,1337.0,0.249,Uttarakhand,29.75425288789163,78.92375799883654,29.75_79.0,0.07636052512148224,good
C109,1357,1.221,76.4,36.76,1357.0,0.246,Uttarakhand,29.747784942274624,78.9475822893638,29.75_79.0,0.05246449150680655,good
C110,1628,1.465,74.89,26.33,1628.0,0.102,Uttarakhand,29.731474713349712,78.86533834971335,29.75_78.75,0.11681661337359268,good
C111,1229,1.106,75.3,23.57,1229.0,0.054,Uttarakhand,29.729872977126842,78.84947495705633,29.75_78.75,0.10149070958021394,good
C112,1322,1.19,67.84,22.55,1322.0,0.025,Uttarakhand,29.69168893931753,78.82574970583292,29.75_78.75,0.09559392099756422,good
C113,1668,1.501,69.81,31.82,1668.0,0.06,Uttarakhand,29.692602418065547,78.91536454169997,29.75_79.0,0.10226261884764112,good
C114,1318,1.186,66.22,36.95,1318.0,0.253,Uttarakhand,29.684724119035575,78.62474224414096,29.75_78.5,0.14078909087356484,good
C115,1482,1.334,70.7,22.85,1482.0,0.067,Uttarakhand,29.676936759634128,78.87884577897736,29.75_79.0,0.14147997160150572,good
C116,1428,1.285,71.19,30.97,1428.0,0.093,Uttarakhand,29.666850295673825,78.93924778244632,29.75_79.0,0.102979149672254,good
C117,1230,1.107,68.22,26.82,1230.0,0.054,Uttarakhand,29.656964543812105,78.98511495031617,29.75_79.0,0.09421868610938974,good
C118,2510,2.259,45.54,51.93,2510.0,0.531,Uttarakhand,29.525673749446657,78.99349391323595,29.5_79.0,0.026485289796999496,good
C121,846,0.761,87.04,126.17,5311.0,0.788,Uttarakhand,29.867082019963224,78.8618633438403,29.75_78.75,0.16193087134268594,good
A1,53031,47.728,6.93,240.45,53031.0,0.003,Assam,25.97399167991887,90.28913124713219,26.0_90.25,0.04698603213257046,good
A2,71861,64.675,0.0,4664.36,71861.0,1.667,Assam,25.501104164830558,93.74513892561102,25.5_93.75,0.004984899616669903,good
A3,170284,153.256,0.0,5081.66,170284.0,0.608,Assam,25.554453080344206,92.41506345608252,25.5_92.5,0.1008927869157079,good
A4,78447,70.602,0.0,2070.71,78447.0,0.001,Assam,25.423662256753673,92.5478891162186,25.5_92.5,0.09011558409143584,good
A5,106955,96.26,0.0,1792.41,106955.0,0.002,Assam,25.50221376071972,92.52182795724059,25.5_92.5,0.021939928300273845,good
A6,107716,96.944,0.0,1805.1,107716.0,0.002,Assam,25.49813740143835,94.84599787352339,25.75_94.75,0.2695373077613554,good
A7,90809,81.728,8.04,262.31,90809.0,0.008,Assam,25.95209166737022,90.69246150038971,26.0_90.75,0.07487247339823162,good
A8,77669,69.902,0.0,4697.37,77669.0,1.528,Assam,25.543223297297217,92.32091543744752,25.5_92.25,0.0830497001657286,good
A9,63859,57.473,0.0,4251.65,63859.0,1.755,Assam,25.651745777589863,92.13152917625811,25.75_92.25,0.15391305435050687,good
A10,96887,87.198,0.0,1914.49,96887.0,0.002,Assam,25.465010774292615,94.75536772505886,25.5_94.5,0.25775360505207323,good
A11,53315,47.984,0.0,1933.19,53315.0,0.001,Assam,25.456473761813957,93.55240407119115,25.5_93.5,0.06812283088682607,good
A12,107536,96.782,0.0,1802.1,107536.0,0.002,Assam,25.496748541057052,93.60655347201558,25.5_93.5,0.10660306929836483,good
A13,64799,58.319,0.0,1642.56,64799.0,0.002,Assam,25.537502426306304,94.81039339170187,25.75_94.75,0.22091306115067685,good
A14,64261,57.835,0.01,4937.47,64261.0,1.847,Assam,25.494718344805644,92.75457309946071,25.5_92.75,0.006986352429533468,good
A15,106628,95.965,0.0,1784.1,106628.0,0.002,Assam,25.499461166652075,93.29668724443862,25.5_93.25,0.04669035376443264,good
A16,106481,95.833,0.0,3656.24,106481.0,1.005,Assam,25.612094734689233,93.23765572939982,25.5_93.25,0.11277238386103228,good
A17,154870,139.383,0.0,4781.61,154870.0,1.199,Assam,25.54554376430411,93.90425005918944,25.5_94.0,0.10602964506313653,good
A18,155057,139.551,0.0,5558.09,155057.0,0.76,Assam,25.491228060935295,92.10959864580266,25.5_92.0,0.1099491249475523,good
A19,67160,60.444,0.0,1773.34,67160.0,0.001,Assam,25.49752795562835,93.11834257742704,25.5_93.0,0.11836839373519915,good
A20,75582,68.024,0.0,3880.48,75582.0,1.535,Assam,25.61203094358151,93.40442193761595,25.5_93.5,0.14726200572059478,good
A21,56678,51.01,0.0,1778.31,56678.0,0.001,Assam,25.49408062995244,93.75152937549746,25.5_93.75,0.006113749354706868,good
A22,50621,45.559,0.0,1774.71,50621.0,0.002,Assam,25.495430947630428,94.30360155205679,25.5_94.25,0.053795934999334896,good
A23,87318,78.586,0.0,4033.15,87318.0,1.231,Assam,25.610884929542337,93.39124096533489,25.5_93.5,0.15531901113803223,good
A24,97475,87.728,0.0,4155.01,97475.0,1.168,Assam,25.697745154028098,93.71785558690263,25.75_93.75,0.061350079225063595,good
A25,77648,69.883,0.0,2080.26,77648.0,0.001,Assam,25.409748204861824,94.64831051669071,25.5_94.5,0.17361277570135722,good
A26,108787,97.908,0.0,1771.35,108787.0,0.002,Assam,25.496986458247154,93.95279531459539,25.5_94.0,0.04730077967691653,good
A27,92412,83.171,0.0,4264.69,92412.0,1.31,Assam,25.663737543705242,92.58553879486551,25.75_92.5,0.12148290741108168,good
A28,75449,67.904,11.19,369.14,75449.0,0.079,Assam,25.94733112948997,90.84446928830513,26.0_90.75,0.10815940252091284,good
A29,64335,57.902,0.0,3269.99,64335.0,1.335,Assam,25.77761254026234,92.98314577342556,25.75_93.0,0.03234992014150565,good
A30,55855,50.27,0.0,1749.26,55855.0,0.001,Assam,25.496065208526044,93.41767442485006,25.5_93.5,0.08241955415865529,good
A31,71426,64.283,0.0,3066.23,71426.0,1.196,Assam,25.736312955599733,94.36854960223013,25.75_94.25,0.11933709973573793,good
A32,140308,126.277,0.0,4482.98,140308.0,0.755,Assam,25.627219203070702,94.89201483917921,25.75_95.0,0.1635112199577913,good
A33,51531,46.378,0.0,2177.31,51531.0,0.012,Assam,25.380521854158985,94.07290807151682,25.5_94.0,0.1399664753643124,good
A34,94491,85.042,0.0,4418.2,94491.0,1.221,Assam,25.579197727825928,94.92466682599989,25.75_95.0,0.18667753824377523,good
A35,59670,53.703,18.82,285.86,59670.0,0.045,Assam,25.95460160512448,91.32745992775078,26.0_91.25,0.08978337632563003,good
A36,53981,48.583,9.89,346.01,53981.0,0.068,Assam,25.935192063462658,91.4478864322632,26.0_91.5,0.08316184570153445,good
A37,86985,78.286,0.0,4610.52,86985.0,1.319,Assam,25.580414244473822,92.737791487038,25.5_92.75,0.08133571480622163,good
A38,78052,70.247,12.86,368.77,78052.0,0.062,Assam,25.93430786882819,90.91697857411299,26.0_91.0,0.10586790474079961,good
A39,190593,171.534,0.04,5987.82,190593.0,0.964,Assam,25.75859011377939,93.246245280082,25.75_93.25,0.009374858740565754,good
A40,75412,67.871,0.01,5142.24,75412.0,1.546,Assam,25.50138227337824,94.74388892572358,25.5_94.5,0.2438928428025202,good
A41,132830,119.547,0.0,4389.27,132830.0,0.905,Assam,25.493983475118572,93.09262899319933,25.5_93.0,0.09282418301697977,good
A42,57697,51.927,6.78,281.98,57697.0,0.056,Assam,25.939955880625412,91.19670492207375,26.0_91.25,0.08028487779547841,good
A43,63177,56.859,0.0,4392.23,63177.0,1.761,Assam,25.580415349819642,93.49013892186503,25.5_93.5,0.081017710092297,good
A44,79589,71.63,0.0,1765.32,79589.0,0.018,Assam,25.488630771142297,93.77110591078332,25.5_93.75,0.023973294200260786,good
A45,100152,90.137,14.67,448.17,100152.0,0.064,Assam,25.921437645334645,91.24674879183641,26.0_91.25,0.07862959954805804,good
A46,63572,57.215,0.0,1681.68,63572.0,0.003,Assam,25.498422173982956,94.42084429203634,25.5_94.5,0.07917143195729776,good
A47,94350,84.915,0.01,3583.76,94350.0,1.215,Assam,25.478585588529704,93.43814676441147,25.5_93.5,0.06545532653183586,good
A48,84076,75.668,16.28,334.21,84076.0,0.076,Assam,25.944319755670794,90.40795746308896,26.0_90.5,0.1075737803071912,good
A49,89198,80.278,0.0,3487.45,89198.0,0.972,Assam,25.676982107222134,94.48770286329291,25.75_94.5,0.07404614937262301,good
A50,170029,153.026,0.0,3255.64,170029.0,0.798,Assam,25.494248967986504,94.90529792630147,25.75_95.0,0.2727216037257952,good
A51,167240,150.516,0.0,5836.83,167240.0,1.439,Assam,25.501801338395918,93.73024368173483,25.5_93.75,0.019838269365324,good
A52,116672,105.005,0.0,4899.17,116672.0,1.068,Assam,25.556552200470833,92.64703007148245,25.5_92.75,0.11747747680727198,good
A53,75099,67.589,6.21,411.76,75099.0,0.111,Assam,25.925264447225956,91.06389124873685,26.0_91.0,0.09832341793080691,good
A54,270121,243.109,0.0,3307.9,270121.0,0.45,Assam,25.50352800946407,94.66556633467553,25.5_94.5,0.16560391912231057,good
A55,113163,101.847,0.0,3031.06,113163.0,0.498,Assam,25.70725211273414,93.51898118937581,25.75_93.5,0.04677250705077761,good
A56,92916,83.624,15.8,362.63,92916.0,0.114,Assam,25.9482891357068,90.48654618747639,26.0_90.5,0.05343237368272156,good
A57,87445,78.7,8.7,388.11,87445.0,0.096,Assam,25.91422740325665,91.01305359241682,26.0_91.0,0.08676021338771563,good
A58,319216,287.294,0.0,4902.29,319216.0,0.687,Assam,25.506333636332624,94.32794308817019,25.5_94.25,0.07819999963362838,good
A59,89783,80.805,0.0,2814.64,89783.0,0.018,Assam,25.46510499389268,93.10157092037963,25.5_93.0,0.10739792045470356,good
A60,101184,91.066,0.0,3980.09,101184.0,1.042,Assam,25.682735945296574,94.70610940080557,25.75_94.75,0.08031710747276223,good
A61,134250,120.825,0.0,4069.7,134250.0,0.895,Assam,25.500613687150835,93.78874215394166,25.5_93.75,0.03874701412958161,good
A62,100446,90.401,0.01,4798.5,100446.0,1.092,Assam,25.44926799529653,93.81164126606447,25.5_93.75,0.07983346405651971,good
A63,86915,78.224,10.26,530.86,86915.0,0.161,Assam,25.894304985074815,91.0911464010176,26.0_91.0,0.13956755568002052,good
A64,111277,100.149,0.0,1702.79,111277.0,0.027,Assam,25.46670137484735,94.5099633197636,25.5_94.5,0.034757246406590135,good
A65,110725,99.652,0.0,4133.42,110725.0,1.044,Assam,25.71410739068262,94.5721921753092,25.75_94.5,0.08062251285766243,good
A66,59905,53.914,0.0,1792.52,59905.0,0.067,Assam,25.446880338313438,94.38450881488284,25.5_94.5,0.12712164370185758,good
A67,82706,74.435,0.0,4639.95,82706.0,1.54,Assam,25.60047078406242,92.67694892483954,25.5_92.75,0.12422092429304003,good
A68,95379,85.841,0.0,4028.74,95379.0,1.136,Assam,25.51807299475426,93.25295092910041,25.5_93.25,0.018312321588021634,good
A69,300917,270.825,0.0,7453.02,300917.0,1.036,Assam,25.475508115379174,92.07705848105772,25.5_92.0,0.0808570461691663,good
A70,50841,45.757,4.54,292.38,50841.0,0.015,Assam,25.925469874488872,90.11175766387146,26.0_90.0,0.13432987397712504,good
A71,116416,104.774,15.49,541.9,116416.0,0.144,Assam,25.915598605193633,91.50027970572965,26.0_91.5,0.08440185827667193,good
A72,52457,47.211,0.0,1718.78,52457.0,0.022,Assam,25.4247503510812,93.26119395144806,25.5_93.25,0.07607768537110028,good
A73,88662,79.796,0.0,4287.89,88662.0,1.396,Assam,25.660999736201653,94.78635910661966,25.75_94.75,0.0961406864462435,good
A74,252060,226.854,0.0,3598.7,252060.0,0.531,Assam,25.563808720586806,92.08526044504396,25.5_92.0,0.1064936444677274,good
A75,55892,50.303,0.0,1669.74,55892.0,0.001,Assam,25.412341390538895,92.764352675199,25.5_92.75,0.08882584701550948,good
A76,81113,73.002,0.0,3943.09,81113.0,1.271,Assam,25.513652685485404,94.76947068355943,25.75_94.75,0.23714797194269435,good
A77,52424,47.182,0.0,1995.41,52424.0,0.143,Assam,25.369384903224983,94.06783198852943,25.25_94.0,0.13730962743338812,good
A78,131023,117.921,12.53,691.88,131023.0,0.203,Assam,25.88788657970992,91.14906667150044,26.0_91.25,0.15085408781713866,good
A79,113658,102.292,0.0,1689.42,113658.0,0.04,Assam,25.427203491566317,93.82246450120343,25.5_93.75,0.10271531324392093,good
A80,127242,114.518,0.0,4358.77,127242.0,0.793,Assam,25.545630901920923,92.427910069439,25.5_92.5,0.08531786037171564,good
A81,187442,168.698,12.42,670.59,187442.0,0.14,Assam,25.89493020655871,90.29150894232171,26.0_90.25,0.1129719159192361,good
A82,58299,52.469,17.44,340.25,58299.0,0.057,Assam,25.8604732594994,91.30230883510485,25.75_91.25,0.12223156423137421,good
A83,55540,49.986,0.0,1670.75,55540.0,0.001,Assam,25.387047653342936,94.72984875265075,25.5_94.5,0.25610287329595605,good
A84,177354,159.619,15.32,622.24,177354.0,0.134,Assam,25.882487701934487,90.7776572905664,26.0_90.75,0.12072309604260507,good
A85,66586,59.927,23.82,273.26,66586.0,0.009,Assam,25.80533713710256,91.36951873433522,25.75_91.25,0.13170773173887432,good
A86,109805,98.824,0.0,4134.33,109805.0,1.022,Assam,25.444834924537943,94.59628685447436,25.5_94.5,0.11097001349599109,good
A87,106643,95.979,7.11,462.45,106643.0,0.088,Assam,25.822497491630955,90.05022124700585,25.75_90.0,0.08819331008417285,good
A88,266548,239.893,15.84,837.88,266548.0,0.121,Assam,25.869777823006235,90.47378756254868,25.75_90.5,0.12261247392191503,good
A89,88202,79.382,0.0,1682.19,88202.0,0.157,Assam,25.506115564272918,94.18200665013896,25.5_94.25,0.06826782369244028,good
A90,262059,235.853,8.91,873.87,262059.0,0.145,Assam,25.87701901946593,90.20863266690156,26.0_90.25,0.12975198580676214,good
A91,279101,251.191,0.0,3375.33,279101.0,0.475,Assam,25.49194714060103,93.97349112268797,25.5_94.0,0.027705037824258275,good
A92,56199,50.579,0.0,1520.62,56199.0,0.021,Assam,25.400590283338374,94.53834203257868,25.5_94.5,0.10654765707893105,good
A93,103137,92.823,11.6,414.51,103137.0,0.125,Assam,25.801029908438935,90.16637065532038,25.75_90.25,0.09796896879537441,good
A94,139213,125.292,0.0,3641.02,139213.0,0.998,Assam,25.57940368755472,94.97595219595553,25.75_95.0,0.17228290309629946,good
A95,57338,51.604,10.79,340.69,57338.0,0.101,Assam,25.775245522651257,90.1161726855566,25.75_90.0,0.11888410021264059,good
A96,116444,104.8,0.0,1900.12,116444.0,0.201,Assam,25.46290029971488,94.25229855123493,25.5_94.25,0.03717083667373126,good
A97,88080,79.272,0.01,3949.1,88080.0,1.216,Assam,25.674553505651428,92.33500488823293,25.75_92.25,0.11365739981621138,good
A98,101069,90.962,0.0,4347.89,101069.0,1.152,Assam,25.387452983165517,93.15688512578316,25.5_93.25,0.14607262166045676,good
A99,130234,117.211,0.01,4574.72,130234.0,1.327,Assam,25.505976293952934,92.15591975469796,25.5_92.25,0.09426987135614193,good
A100,97275,87.548,0.0,2947.45,97275.0,0.938,Assam,25.513886941374682,94.39706433650305,25.5_94.5,0.10386817587837599,good
A101,88975,80.078,0.0,2096.42,88975.0,0.224,Assam,25.36485478754956,93.0180797695982,25.25_93.0,0.11626908570973993,good
A102,320315,288.284,14.64,794.99,320315.0,0.108,Assam,25.848661126980904,90.59211928535626,25.75_90.5,0.1349814087631715,good
A103,112800,101.52,0.0,2948.97,112800.0,0.777,Assam,25.65968803437746,93.08118596581954,25.75_93.0,0.12143892366395075,good
A104,274725,247.252,0.0,8204.27,274725.0,1.264,Assam,25.489083108360884,92.44431378449157,25.5_92.5,0.05674621679646629,good
A105,71441,64.297,0.0,2620.67,71441.0,0.202,Assam,25.497563630594943,94.73558555311376,25.5_94.5,0.2355981509515651,good
A106,267724,240.952,0.01,7994.48,267724.0,1.409,Assam,25.450169389827664,94.03276605343149,25.5_94.0,0.05963810835046982,good
A107,82610,74.349,0.0,2268.26,82610.0,0.493,Assam,25.575234989710687,94.2755367893314,25.5_94.25,0.07945081048122361,good
A108,99676,89.708,0.0,3106.1,99676.0,0.919,Assam,25.567923728435687,92.25183862659462,25.5_92.25,0.06794860875955765,good
A109,114478,103.03,0.0,3523.69,114478.0,0.956,Assam,25.51155740743976,92.14669639824052,25.5_92.25,0.1039481014892022,good
A110,71245,64.121,0.0,1886.59,71245.0,0.242,Assam,25.344210837407694,94.23771057618079,25.25_94.25,0.09500900916685279,good
A111,88230,79.407,0.0,2824.87,88230.0,0.537,Assam,25.652785264523278,92.80767924427317,25.75_92.75,0.11303804675300089,good
A112,150196,135.176,0.02,3961.72,150196.0,0.544,Assam,25.515157270425902,94.63284221949986,25.5_94.5,0.13370414402109576,good
A113,109702,98.732,10.28,337.69,109702.0,0.04,Assam,25.676308742472028,90.05570966497118,25.75_90.0,0.09237947936232671,good
A114,104940,94.446,0.01,3606.28,104940.0,0.746,Assam,25.61172629862567,94.28348734991424,25.5_94.25,0.11663690843326936,good
A115,133458,120.112,0.01,3641.08,133458.0,0.666,Assam,25.52605490741157,92.286166182536,25.5_92.25,0.04457410637861702,good
A116,66938,60.244,0.0,1350.75,66938.0,0.001,Assam,25.297861101151646,92.58063789128248,25.25_92.5,0.09377182153468555,good
A117,161494,145.345,0.0,2630.09,161494.0,0.479,Assam,25.50985003226814,93.42804493424593,25.5_93.5,0.0726261290676823,good
A118,53521,48.169,0.0,2968.76,53521.0,0.003,Assam,25.830712030999255,94.9901555152806,25.75_95.0,0.08131018280274044,good
A119,178662,160.796,0.0,3092.37,178662.0,0.58,Assam,25.49691051010039,92.02993370629085,25.5_92.0,0.030092718723082224,good
A120,59957,53.961,0.0,1750.12,59957.0,0.056,Assam,25.25463067976494,92.24091878346148,25.25_92.25,0.010193708299970732,good
A121,52092,46.883,0.0,2920.71,52092.0,0.271,Assam,25.765060117996363,92.91891513518817,25.75_93.0,0.08247158574695174,good
A122,162027,145.824,0.0,4258.43,162027.0,0.663,Assam,25.651683572285275,94.14673587152484,25.75_94.25,0.14258190694586437,good
A123,153512,138.161,0.01,3309.6,153512.0,0.707,Assam,25.637202057312926,94.01818064530606,25.75_94.0,0.1142537165180247,good
A124,89521,80.569,0.0,1937.4,89521.0,0.372,Assam,25.347198981244624,94.70090143032859,25.25_94.5,0.22317935985001866,good
A125,109883,98.895,0.0,2091.24,109883.0,0.428,Assam,25.571422285521873,92.71528179467657,25.5_92.75,0.07941345383527731,good
A126,70444,63.4,0.0,2539.57,70444.0,0.414,Assam,25.709771473321595,92.84501093461158,25.75_92.75,0.1031766061395749,good
A127,124049,111.644,0.0,4381.96,124049.0,0.678,Assam,25.647527088310085,92.48511917781595,25.75_92.5,0.10354774985040766,good
A128,56898,51.208,0.01,3466.77,56898.0,0.846,Assam,25.59876964529118,93.65980859998984,25.5_93.75,0.1337532484343377,good
A129,101389,91.25,10.53,500.19,101389.0,0.125,Assam,25.563078580187856,90.10138708889086,25.5_90.0,0.11940791042589641,good
A130,77732,69.959,0.01,1872.07,77732.0,0.268,Assam,25.455444365112037,94.36253634639246,25.5_94.25,0.12103567184773774,good
A131,241992,217.793,0.0,4583.79,241992.0,0.709,Assam,25.402718810034123,93.52800829504007,25.5_93.5,0.10123287268584445,good
A132,79616,71.654,0.0,2608.54,79616.0,0.709,Assam,25.599989948279518,93.66655266110665,25.5_93.75,0.130236124502084,good
A133,131691,118.522,0.0,2587.45,131691.0,0.307,Assam,25.647916775296377,92.89898752888708,25.75_93.0,0.14361233960293823,good
A134,50233,45.21,0.01,3312.89,50233.0,0.001,Assam,25.489635946489358,93.71444369239344,25.5_93.75,0.037035990816817875,good
A135,57523,51.771,0.01,3624.29,57523.0,0.501,Assam,25.578418685665827,92.06321923404552,25.5_92.0,0.10072815800389658,good
A136,86360,77.724,0.0,2665.72,86360.0,0.589,Assam,25.500597344449588,92.3577762274201,25.5_92.25,0.1077778827835346,good
A137,128857,115.971,0.0,4952.88,128857.0,1.348,Assam,25.502335487314532,94.40588388678924,25.5_94.5,0.09414508625996815,good
A138,51768,46.591,11.36,227.55,51768.0,0.02,Assam,25.441605464121977,90.09185240989716,25.5_90.0,0.10884294659887288,good
A139,67833,61.05,0.0,1734.67,67833.0,0.213,Assam,25.661242463107925,92.85858231490081,25.75_92.75,0.14024271626137233,good
A140,81098,72.988,0.0,3099.5,81098.0,0.684,Assam,25.447796828802463,93.03789493712682,25.5_93.0,0.06450734332558665,good
A141,63270,56.943,10.41,463.97,63270.0,0.078,Assam,25.4570939755545,90.16480661363119,25.5_90.25,0.09538783997294403,good
A142,164962,148.466,0.0,3386.84,164962.0,0.882,Assam,25.47266997348884,93.69052761477728,25.5_93.75,0.0654514702140458,good
A143,133355,120.02,16.29,717.6,133355.0,0.194,Assam,25.411140831281582,90.73930115314595,25.5_90.75,0.08950093401375667,good
A144,50359,45.323,0.0,2300.64,50359.0,0.102,Assam,25.52163125426107,93.07491749240454,25.5_93.0,0.07797782908680538,good
A145,109560,98.604,0.0,2373.73,109560.0,0.038,Assam,25.504436764735708,92.26993524857004,25.5_92.25,0.020423002151229854,good
A146,52595,47.336,0.0,2193.51,52595.0,0.768,Assam,25.705363326678707,93.68070270198899,25.75_93.75,0.08242904898649697,good
A147,84895,76.406,0.01,3068.78,84895.0,0.532,Assam,25.561083652354867,92.81693138910157,25.5_92.75,0.09061469766034584,good
A148,55385,49.846,0.0,3095.45,55385.0,0.716,Assam,25.666796174254962,92.78909784036995,25.75_92.75,0.09193213660197688,good
A149,130688,117.619,0.01,2268.26,130688.0,0.241,Assam,25.570672071396505,94.96404318342584,25.75_95.0,0.182897235176937,good
A150,207701,186.931,0.0,5235.68,207701.0,0.88,Assam,25.48736674755217,94.20012253057146,25.5_94.25,0.051452512319665175,good
A151,54033,48.63,0.0,2822.62,54033.0,0.003,Assam,25.667696962967074,93.2002574558346,25.75_93.25,0.09616709730926495,good
A152,114081,102.673,0.0,1969.22,114081.0,0.521,Assam,25.35994375341497,92.04523733623965,25.25_92.0,0.11888669187521021,good
A153,284226,255.803,0.0,4036.82,284226.0,0.532,Assam,25.500328890272762,94.4351470631352,25.5_94.5,0.0648537708140451,good
A154,131519,118.367,0.0,3010.84,131519.0,0.361,Assam,25.408767034927777,94.9934970697094,25.75_95.0,0.34129492313004767,low_confidence
A155,101988,91.789,10.82,486.11,101988.0,0.158,Assam,25.393356225460074,90.254848323659,25.5_90.25,0.106753926815012,good
A156,81079,72.971,0.0,2146.79,81079.0,0.618,Assam,25.44591553368388,92.36403148301177,25.5_92.25,0.1262074031686075,good
A157,138268,124.441,0.0,3455.32,138268.0,0.756,Assam,25.575071071719012,92.69065451393912,25.5_92.75,0.09569510188532579,good
A158,86289,77.66,11.23,355.94,86289.0,0.077,Assam,25.36136656403996,90.33448891386955,25.25_90.25,0.13978872684491767,good
A159,75705,68.134,0.01,3729.48,75705.0,1.491,Assam,25.60449148008718,92.01867187328006,25.5_92.0,0.1061466356631053,good
A160,65760,59.184,13.46,305.32,65760.0,0.068,Assam,25.387224858069747,90.03258692383076,25.5_90.0,0.1173888420683191,good
A161,82439,74.195,11.62,521.28,82439.0,0.154,Assam,25.37361891149146,90.15466881909992,25.25_90.25,0.15610787722000444,good
A162,155836,140.252,0.0,5657.11,155836.0,1.2,Assam,25.497273984259806,93.860912362284,25.5_93.75,0.11094585737751755,good
A163,210083,189.075,7.02,1189.74,210083.0,0.286,Assam,25.241122695156992,90.16896772545455,25.25_90.25,0.0815170905962968,good
A164,82469,74.222,0.01,2112.41,82469.0,0.522,Assam,25.451624856343326,93.59164338182293,25.5_93.5,0.10362752508743933,good
A165,145615,131.054,0.01,5992.11,145615.0,1.691,Assam,25.515671555891295,94.21365659825949,25.5_94.25,0.03957828336507371,good
A166,92950,83.655,0.0,1833.96,92950.0,0.217,Assam,25.5951254168908,92.7730891160122,25.5_92.75,0.0978874466766456,good
A167,401444,361.3,9.84,1331.03,401444.0,0.15,Assam,25.2333649020093,90.4712158842689,25.25_90.5,0.033245327545108304,good
A168,57855,52.07,11.74,309.37,57855.0,0.048,Assam,25.349990195796003,90.10633876837689,25.25_90.25,0.17503310751624374,good
A169,55866,50.279,0.01,2050.95,55866.0,0.199,Assam,25.64194948627072,93.33400406031099,25.75_93.25,0.1368634197508373,good
A170,53491,48.142,0.09,2436.77,53491.0,0.689,Assam,25.671451952457215,93.59400509743072,25.75_93.5,0.1225020575979995,good
A171,66475,59.828,0.0,2753.94,66475.0,0.317,Assam,25.62779664034098,93.85147657013916,25.75_93.75,0.1588431786359083,good
A172,79215,71.294,11.18,471.56,79215.0,0.109,Assam,25.33450664857245,90.60136262772905,25.25_90.5,0.13196876885492517,good
A173,96011,86.41,10.43,313.54,96011.0,0.071,Assam,25.322343215302876,90.04979690984483,25.5_90.0,0.18450383567561499,good
A174,93993,84.594,0.0,2318.24,93993.0,0.068,Assam,25.593866118280676,93.34223857095742,25.5_93.25,0.1316009199563168,good
A175,64542,58.088,0.01,2246.89,64542.0,0.515,Assam,25.576120265356924,94.8815118665193,25.75_95.0,0.21041292711068377,good
A176,170959,153.863,13.27,542.26,170959.0,0.109,Assam,25.274362634705785,90.5543804866144,25.25_90.5,0.059588382208506666,good
A177,69908,62.917,0.01,1861.92,69908.0,0.221,Assam,25.56937392716141,94.0808371200562,25.5_94.0,0.10652408999272252,good
A178,191419,172.277,0.0,4537.94,191419.0,0.665,Assam,25.519969776888512,93.27033752019277,25.5_93.25,0.028502749280871584,good
A179,56042,50.438,12.73,230.77,56042.0,0.029,Assam,25.280420929342675,90.32546438881157,25.25_90.25,0.08136526851658235,good
A180,78769,70.892,9.47,447.55,78769.0,0.137,Assam,25.281106233980935,90.222813557505,25.25_90.25,0.04131223121558928,good
A181,94769,85.292,0.0,3296.98,94769.0,0.305,Assam,25.65057658622545,93.64427679996155,25.75_93.75,0.14512894347081898,good
A182,89745,80.77,0.0,2511.75,89745.0,0.676,Assam,25.50595060387146,92.92587363889044,25.5_93.0,0.07436482433099958,good
A183,71048,63.943,0.0,2911.47,71048.0,0.793,Assam,25.219855531940848,93.21549478677952,25.25_93.25,0.045818104434386275,good
A184,89870,80.883,11.54,510.26,89870.0,0.158,Assam,25.228034250089635,91.22259758540115,25.25_91.25,0.035119602716604595,good
A185,70511,63.46,0.0,1828.16,70511.0,0.013,Assam,25.669390993367465,93.885416132865,25.75_94.0,0.14009737527125418,good
A186,232876,209.588,0.0,4645.85,232876.0,0.767,Assam,25.492437896133563,92.50013867060392,25.5_92.5,0.007563375200476084,good
A187,51473,46.326,0.0,4717.29,51473.0,0.478,Assam,25.54642297364098,92.55419450218777,25.5_92.5,0.07135920787852952,good
A188,174503,157.053,0.0,5108.83,174503.0,1.198,Assam,25.557703770772484,93.16131159795407,25.5_93.25,0.10580811792496957,good
A189,100198,90.178,14.34,477.96,100198.0,0.116,Assam,25.22099873916312,90.77140875233704,25.25_90.75,0.03604729957649101,good
A190,56498,50.848,0.0,1747.82,56498.0,0.154,Assam,25.564197326552364,92.61569348079185,25.5_92.5,0.13231129292016017,good
A191,97671,87.904,0.0,1783.62,97671.0,0.091,Assam,25.552228524559204,94.55302429414395,25.5_94.5,0.07442710895296026,good
A192,227487,204.738,0.0,5530.38,227487.0,0.941,Assam,25.525319537184785,94.60402919727281,25.5_94.5,0.10706611438021191,good
A193,197923,178.131,4.04,833.12,197923.0,0.194,Assam,25.1293814008478,91.36670834673642,25.25_91.25,0.16783826935292898,good
A194,114335,102.902,2.93,387.35,114335.0,0.075,Assam,25.1659855104153,91.19339781975968,25.25_91.25,0.1013027209315481,good
A195,74028,66.625,6.15,439.85,74028.0,0.113,Assam,25.18228586931071,91.30925939434329,25.25_91.25,0.08998266117946954,good
A196,161261,145.135,6.04,683.69,161261.0,0.144,Assam,25.16414494721807,90.40067645514621,25.25_90.5,0.13128692490309402,good
A197,52259,47.033,0.0,1863.19,52259.0,0.047,Assam,25.612272973714255,92.22017783752294,25.5_92.25,0.11616618269294199,good
A198,78906,71.015,12.1,575.6,78906.0,0.155,Assam,25.173142304345255,91.51402746798583,25.25_91.5,0.07812730149858484,good
A199,69025,62.122,0.01,1940.8,69025.0,0.246,Assam,25.540604889532776,93.28067304116867,25.5_93.25,0.05088803895321392,good
A200,55905,50.314,13.8,437.52,55905.0,0.119,Assam,25.197450610658954,90.89132279959058,25.25_91.0,0.12071525259446474,good
A201,150231,135.208,5.16,566.04,150231.0,0.114,Assam,25.147907161859624,91.854383959813,25.25_91.75,0.14601013206555308,good
A202,78947,71.052,1.59,446.89,78947.0,0.108,Assam,25.17691074039827,90.03913161150308,25.25_90.25,0.22317597795555164,good
A203,51427,46.284,0.01,2314.17,51427.0,0.336,Assam,25.648971222423153,92.8777915027342,25.75_93.0,0.15856144141195747,good
A204,241966,217.769,4.91,908.87,241966.0,0.139,Assam,25.159173305570018,91.03187671109899,25.25_91.0,0.0962580548918668,good
A205,50897,45.807,0.0,1765.38,50897.0,0.109,Assam,25.561625226765166,93.03286696661887,25.5_93.0,0.06984200790773394,good
A206,51632,46.469,0.0,2078.25,51632.0,0.328,Assam,25.57290740776607,94.85310925287506,25.75_94.75,0.20492267871708442,good
A207,131105,117.994,2.87,607.27,131105.0,0.144,Assam,25.139107850365907,90.61409397895665,25.25_90.5,0.15910532638673577,good
A208,80900,72.81,9.03,474.36,80900.0,0.13,Assam,25.1678687474248,91.57875377352012,25.25_91.5,0.11378795847201659,good
A209,52327,47.094,3.97,278.23,52327.0,0.027,Assam,25.184284446313036,90.2929295477372,25.25_90.25,0.07849509580416442,good
A210,91273,82.146,6.78,368.36,91273.0,0.073,Assam,25.161627699319624,90.71825866113504,25.25_90.75,0.09389981959771344,good
A211,50202,45.182,4.32,294.11,50202.0,0.003,Assam,25.182192470198174,91.11732826602747,25.25_91.0,0.1355130366674677,good
A212,54330,48.897,7.34,260.6,54330.0,0.043,Assam,25.16121078491523,90.93130849029593,25.25_91.0,0.11225884473302498,good
A213,61488,55.339,13.71,564.5,61488.0,0.159,Assam,25.18440225464047,91.6424149834114,25.25_91.75,0.1260063490091796,good
A214,93344,84.01,2.27,572.97,93344.0,0.169,Assam,25.137066546561343,91.93635911550585,25.25_92.0,0.12963073356569002,good
A215,92526,83.273,6.76,587.89,92526.0,0.153,Assam,25.148220275021796,91.77344698006807,25.25_91.75,0.10444555180069415,good
A216,52980,47.682,0.0,2025.55,52980.0,0.268,Assam,25.561187502621532,93.61365545698587,25.5_93.5,0.12907932979267586,good
A217,53077,47.769,0.0,2459.33,53077.0,0.352,Assam,25.2113388096539,92.20568322646554,25.25_92.25,0.058810407713960004,good
A218,65194,58.675,5.24,565.53,65194.0,0.211,Assam,25.148687647636283,90.46764434695763,25.25_90.5,0.10635356611448607,good
A219,81413,73.272,0.0,2078.18,81413.0,0.125,Assam,25.558973580522903,94.12913994761962,25.5_94.25,0.13448061369981684,good
A220,106686,96.017,0.0,2304.56,106686.0,0.314,Assam,25.50224029967485,94.49718749414168,25.5_94.5,0.0035957101991384906,good
A221,51843,46.659,5.35,277.88,51843.0,0.017,Assam,25.142003527745093,91.50032304800605,25.25_91.5,0.10799695541782252,good
A222,50134,45.121,0.01,1792.12,50134.0,0.004,Assam,25.485387572417032,93.18250857147291,25.5_93.25,0.06905516609562956,good
A223,77464,69.718,0.0,2673.85,77464.0,0.002,Assam,25.559716660498925,92.56602294112247,25.5_92.5,0.08902307732046147,good
A224,101136,91.022,0.0,2595.05,101136.0,0.099,Assam,25.517430431959603,92.6220472707817,25.5_92.5,0.12328566933574064,good
A225,77269,69.542,6.52,328.03,77269.0,0.043,Assam,25.15154918747061,91.4360589304896,25.25_91.5,0.11739260137603023,good
A226,57710,51.939,8.16,335.11,57710.0,0.009,Assam,25.162158175937154,90.85585115231329,25.25_90.75,0.13755236275956761,good
A227,92748,83.473,1.35,473.71,92748.0,0.11,Assam,25.120496216150812,90.24154168044355,25.25_90.25,0.12977971028237145,good
A228,63171,56.854,1.51,463.77,63171.0,0.072,Assam,25.14536186171925,90.11185941070006,25.25_90.25,0.17329732368099496,good
A229,88077,79.269,4.51,410.23,88077.0,0.047,Assam,25.147841692811717,91.70015242344768,25.25_91.75,0.11367101924288082,good
A230,58760,52.884,0.0,2076.62,58760.0,0.004,Assam,25.51624212427199,94.9371020251872,25.75_95.0,0.24207209607970762,good
A231,63217,56.895,0.01,2382.18,63217.0,0.378,Assam,25.544169724915765,92.53438745379671,25.5_92.5,0.05597733092739665,good
A232,143203,128.883,0.0,5453.2,143203.0,0.878,Assam,25.488415233386636,94.81963917965716,25.75_94.75,0.2706957802912527,good
A233,65024,58.522,0.03,1911.95,65024.0,0.112,Assam,25.52912846709591,93.04364003632847,25.5_93.0,0.05246827961833254,good
A234,60212,54.191,0.0,405.14,60212.0,0.052,Assam,25.078557195132753,91.05231167928874,25.25_91.0,0.17924605192515827,good
A235,84582,76.124,0.7,492.71,84582.0,0.099,Assam,25.093607879533074,91.96728646954041,25.25_92.0,0.15977693957286765,good
A236,135674,122.107,0.0,4182.56,135674.0,0.46,Assam,25.49736782655483,92.27859732807237,25.5_92.25,0.028718208682366575,good
A237,80982,72.884,0.01,1718.72,80982.0,0.024,Assam,25.523717393302764,94.31179492905146,25.5_94.25,0.06619008990440203,good
A238,82276,74.048,0.58,672.87,82276.0,0.218,Assam,25.074027001258635,91.62819281375425,25.25_91.75,0.2140174920587903,good
A239,52144,46.93,0.0,1903.39,52144.0,0.099,Assam,25.54621945424636,92.4728552555317,25.5_92.5,0.05360107371201289,good
A240,54904,49.414,0.0,1770.9,54904.0,0.002,Assam,25.53170037702171,94.6893636367316,25.5_94.5,0.19199870004647338,good
A241,62130,55.917,0.0,1750.39,62130.0,0.01,Assam,25.514791579483877,94.16760292934171,25.5_94.25,0.0837142047486256,good
A242,52415,47.174,1.26,582.13,52415.0,0.08,Assam,25.115367860133336,90.18094669146873,25.25_90.25,0.1513082036909805,good
A243,75468,67.921,0.01,1722.45,75468.0,0.034,Assam,25.506843382478518,94.41430528686183,25.5_94.5,0.08596752726221733,good
A244,68002,61.202,0.0,2234.01,68002.0,0.006,Assam,25.50152005741661,93.57905048952809,25.5_93.5,0.07906510272667609,good
A245,341185,307.066,0.0,6843.31,341185.0,0.698,Assam,25.500460421439655,93.92408620363993,25.5_94.0,0.0759151925881781,good
A246,78425,70.582,0.01,3470.74,78425.0,0.042,Assam,25.509639166932313,94.5280515318953,25.5_94.5,0.0296614561480396,good
A247,326108,293.497,0.0,5502.27,326108.0,0.71,Assam,25.50800690091762,93.35859052829124,25.5_93.25,0.1088853217696319,good
A248,52771,47.494,0.0,1818.97,52771.0,0.001,Assam,25.529924327124114,93.80262672153688,25.5_93.75,0.060539550490167016,good
A249,54688,49.219,0.0,1752.55,54688.0,0.001,Assam,25.5270795644789,93.94123529537254,25.5_94.0,0.06470388954552865,good
A250,71450,64.305,0.0,1912.84,71450.0,0.124,Assam,25.500704937407665,94.79369739133816,25.75_94.75,0.25309581237680756,good
A251,59491,53.542,0.0,3599.07,59491.0,0.043,Assam,25.50579100666954,93.95999484515866,25.5_94.0,0.04042212478490142,good
A252,66409,59.768,0.01,4008.73,66409.0,0.142,Assam,25.431613201691203,93.84228484760266,25.5_93.75,0.11486186172952934,good
A253,95127,85.614,0.44,616.16,95127.0,0.184,Assam,25.027157971857505,91.48757148922552,25.25_91.5,0.22318834509609098,good
A254,102645,92.38,0.01,3221.66,102645.0,0.032,Assam,25.505046646749044,94.17425488604198,25.5_94.25,0.07591304849578398,good
A255,53606,48.245,0.0,1960.97,53606.0,0.001,Assam,25.558664670621447,94.47708067504882,25.5_94.5,0.0629828471517475,good
A256,50768,45.691,1.23,324.94,50768.0,0.017,Assam,25.015437141068738,90.08647235682145,25.25_90.25,0.28593884813634524,good
A257,81297,73.167,0.0,3467.22,81297.0,0.038,Assam,25.484089019275004,93.58495692747991,25.5_93.5,0.08643401433728247,good
A258,203612,183.251,0.0,5277.82,203612.0,0.794,Assam,25.493794087119944,93.45550611511655,25.5_93.5,0.044924594007031776,good
A259,171802,154.622,0.01,6427.84,171802.0,1.168,Assam,25.513410914567025,93.4702570222957,25.5_93.5,0.03262663562555386,good
A260,81414,73.273,0.0,1722.25,81414.0,0.052,Assam,25.46973160840478,94.71517304899785,25.5_94.5,0.21729154733858116,good
A261,89211,80.29,0.0,1771.16,89211.0,0.028,Assam,25.495923438066306,93.49649068562796,25.5_93.5,0.005379000331013129,good
A262,90083,81.075,0.0,1740.62,90083.0,0.008,Assam,25.4994694769145,93.14513597336777,25.5_93.25,0.10486536862219521,good
A263,60008,54.007,0.01,3596.88,60008.0,0.045,Assam,25.537126730324843,92.51156993419397,25.5_92.5,0.03888775490905144,good
A264,84709,76.238,0.0,4884.7,84709.0,1.411,Assam,25.46161300255384,92.52947601002649,25.5_92.5,0.048398313400499625,good
A265,96271,86.644,0.01,1847.5,96271.0,0.005,Assam,25.49800267531817,93.12551157380959,25.5_93.25,0.12450444795769315,good
A266,56977,51.279,0.0,1762.21,56977.0,0.002,Assam,25.503179835723184,94.76405030879907,25.75_94.75,0.24721974975916378,good
A267,52177,46.959,0.0,1876.31,52177.0,0.014,Assam,25.53118482920316,94.9138143562617,25.75_95.0,0.2351766233226349,good
A268,57759,51.983,0.59,347.05,57759.0,0.023,Assam,25.014017113254113,91.16125452310463,25.25_91.25,0.2521183898614076,good
A269,69754,62.779,0.02,2027.2,69754.0,0.111,Assam,25.51304708133026,94.82762342183483,25.75_94.75,0.2493433000572829,good
A270,195545,175.99,0.0,6471.62,195545.0,1.106,Assam,25.442002957546002,92.86865899579807,25.5_92.75,0.13207427538024802,good
A271,59859,53.873,0.0,1770.24,59859.0,0.001,Assam,25.503038557276266,93.78110960757782,25.5_93.75,0.031257647287775636,good
A272,50889,45.8,0.01,2105.9,50889.0,0.108,Assam,25.550525053438747,92.36880560304454,25.5_92.25,0.12910287502516718,good
A273,71664,64.498,0.0,1770.22,71664.0,0.003,Assam,25.500052928326014,94.79928369815312,25.75_94.75,0.2547595367048084,good
A274,96945,87.25,0.0,1805.45,96945.0,0.005,Assam,25.503611689904353,92.74556491939875,25.5_92.75,0.005719636693430176,good
A275,59056,53.15,0.18,1012.61,59056.0,0.056,Assam,24.997341228852463,91.60665304024053,25.25_91.5,0.2742468334007374,good
A276,97667,87.9,0.23,1817.1,97667.0,0.002,Assam,24.494900259157248,91.99429002233212,24.5_92.0,0.007655795297086066,good
A277,74629,67.166,0.73,523.25,74629.0,0.199,Assam,24.977932521018786,92.18704754332916,25.0_92.25,0.06670821110988226,good
A278,106453,95.808,0.0,1784.05,106453.0,0.002,Assam,24.500644728972723,90.87598822432852,24.25_91.25,0.45023059480974964,low_confidence
A279,83134,74.821,0.0,4693.83,83134.0,1.418,Assam,24.565184157170616,90.93125179763328,24.25_91.25,0.44826495451168985,low_confidence
A280,60529,54.476,0.0,1782.25,60529.0,0.002,Assam,24.4946570376734,90.00222192851544,25.25_90.25,0.7949446291691853,low_confidence
A281,179504,161.554,0.0,3510.79,179504.0,0.642,Assam,24.516489894066115,90.44594639797566,25.25_90.5,0.7354990600938551,low_confidence
A282,75328,67.795,0.0,1956.72,75328.0,0.001,Assam,24.443498614208675,90.34256730564996,25.25_90.25,0.8117962745409846,low_confidence
A283,65548,58.993,0.0,2133.96,65548.0,0.001,Assam,24.393709101218445,90.56739008902721,24.25_91.25,0.6975733626876018,low_confidence
A284,102095,91.886,0.0,1711.41,102095.0,0.002,Assam,24.51304796186558,90.67460664903604,24.25_91.25,0.6326703237667904,low_confidence
A285,99771,89.794,0.0,4545.48,99771.0,1.153,Assam,24.554097435906,91.23000234982555,24.25_91.25,0.30475425597865613,low_confidence
A286,88843,79.959,0.0,4176.9,88843.0,1.18,Assam,24.6438322502742,90.37775837088397,25.25_90.5,0.6183707275547417,low_confidence
A287,105056,94.55,0.01,3851.99,105056.0,1.082,Assam,24.490795469929264,90.61078555193845,24.25_91.25,0.6830648350991938,low_confidence
A288,50196,45.176,0.0,1799.76,50196.0,0.001,Assam,24.48203008097148,90.82108720482377,24.25_91.25,0.4876516629126975,low_confidence
A289,66177,59.559,0.0,1751.93,66177.0,0.001,Assam,24.496836253951944,91.0808375602131,24.25_91.25,0.29923914733818807,good
A290,51191,46.072,0.0,2181.05,51191.0,0.001,Assam,24.373894483405284,91.36732209871961,24.25_91.25,0.17062918234064317,good
A291,62927,56.634,0.0,2028.54,62927.0,0.008,Assam,24.455233820317368,90.6172586003535,24.25_91.25,0.6651936558842697,low_confidence
A292,206595,185.936,0.0,4079.28,206595.0,0.561,Assam,24.49032768218011,90.03895629936189,25.25_90.25,0.7884424354642997,low_confidence
A293,55616,50.054,0.0,1820.98,55616.0,0.001,Assam,24.471898339606508,91.39407347805589,24.25_91.5,0.24588473147249645,good
A294,61936,55.742,0.01,5495.35,61936.0,1.87,Assam,24.508298198498807,90.39679971170958,25.25_90.5,0.7488470216628642,low_confidence
A295,81181,73.063,0.0,1899.2,81181.0,0.002,Assam,24.447885404220198,91.32263585212195,24.25_91.25,0.2107951617492031,good
A296,60785,54.706,0.01,4497.43,60785.0,1.852,Assam,24.50250782813742,91.68930646266898,24.5_91.75,0.06074532636934862,good
A297,75118,67.606,0.0,4119.07,75118.0,1.519,Assam,24.69635150696238,91.89140748185818,24.5_92.0,0.2243796989096355,good
A298,58805,52.924,0.0,1778.1,58805.0,0.011,Assam,24.48132532664456,90.28134399947095,25.25_90.25,0.769313460015441,low_confidence
A299,69752,62.777,0.0,1782.5,69752.0,0.021,Assam,24.487554231818123,90.82587884377669,24.25_91.25,0.4861180599513804,low_confidence
A300,111060,99.954,0.0,3661.44,111060.0,1.028,Assam,24.680146124717368,91.16448838465695,24.25_91.25,0.4385634788351023,low_confidence
A301,60487,54.438,0.0,1853.02,60487.0,0.004,Assam,24.45556699051954,90.8471683952291,24.25_91.25,0.452251135314833,low_confidence
A302,73649,66.284,0.0,3199.62,73649.0,1.132,Assam,24.747825258998763,91.3699888774231,24.5_91.75,0.45368029743417526,low_confidence
A303,71839,64.655,0.0,1698.13,71839.0,0.012,Assam,24.4991435439741,90.74232845127453,24.25_91.25,0.5655111907728176,low_confidence
A304,54471,49.024,0.0,1664.31,54471.0,0.015,Assam,24.50493099794182,91.70773449276781,24.5_91.75,0.042552177879590515,good
A305,125025,112.522,0.01,3635.57,125025.0,0.921,Assam,24.40548094825479,91.6036304450221,24.5_91.75,0.17423517947659264,good
A306,75354,67.819,0.0,3998.67,75354.0,1.313,Assam,24.607618223466716,91.55724857561201,24.5_91.75,0.22075958331572387,good
A307,120393,108.354,0.0,4059.83,120393.0,0.955,Assam,24.50985784518664,90.4249937727092,25.25_90.5,0.7439330235069294,low_confidence
A308,54191,48.772,0.0,1679.35,54191.0,0.01,Assam,24.487697608664003,90.7188706458022,24.25_91.25,0.5818922099969716,low_confidence
A309,108524,97.672,0.0,3857.82,108524.0,0.995,Assam,24.517611086538974,90.77624737897199,24.25_91.25,0.54411142201711,low_confidence
A310,79874,71.887,9.33,401.09,79874.0,0.088,Assam,24.96089935050482,92.82460860925403,25.0_92.75,0.08423363559626929,good
A311,131235,118.112,6.11,634.61,131235.0,0.136,Assam,24.95282370895298,92.63835552634588,25.0_92.75,0.12120268534343412,good
A312,196857,177.171,12.86,993.27,196857.0,0.237,Assam,24.88054383526,93.21428195480871,25.0_93.25,0.12468181121028482,good
A313,149644,134.68,0.8,500.53,149644.0,0.089,Assam,24.914382087190635,92.40104079236946,25.0_92.5,0.1308562255633904,good
A314,84278,75.85,0.0,1674.04,84278.0,0.004,Assam,24.465042096131583,91.41739145710889,24.25_91.5,0.23036335313425427,good
A315,133786,120.407,1.82,457.05,133786.0,0.039,Assam,24.936880017341124,92.54544805178088,25.0_92.5,0.07777954500724682,good
A316,51171,46.054,11.4,339.04,51171.0,0.029,Assam,24.97147132490408,92.7539610489014,25.0_92.75,0.02880234731975636,good
A317,153676,138.308,8.2,620.51,153676.0,0.106,Assam,24.937477107319584,92.93352698389975,25.0_93.0,0.0912566379974109,good
A318,113192,101.873,9.99,420.23,113192.0,0.079,Assam,24.93983583449164,93.10447713962903,25.0_93.0,0.12056201523025578,good
A319,140821,126.739,9.73,497.83,140821.0,0.112,Assam,24.912776775717635,93.16670808252242,25.0_93.25,0.12060445419346628,good
A320,58653,52.788,0.0,1767.21,58653.0,0.086,Assam,24.463290297739814,90.91427332503595,24.25_91.25,0.39775011174398867,low_confidence
A321,55199,49.679,0.0,1702.81,55199.0,0.077,Assam,24.470368887520102,91.74006805678847,24.5_91.75,0.031251341135274995,good
A322,70911,63.82,2.15,408.08,70911.0,0.101,Assam,24.916436522934067,92.69438452191245,25.0_92.75,0.1003789624485881,good
A323,133289,119.96,0.0,4528.04,133289.0,0.934,Assam,24.500194829364094,91.06291062611652,24.25_91.25,0.3124098053208977,low_confidence
A324,55119,49.607,0.0,3556.33,55119.0,1.549,Assam,24.690586201370365,91.58417956804571,24.5_91.75,0.25262524776097095,good
A325,135884,122.296,0.0,4651.34,135884.0,0.863,Assam,24.518047840641852,90.76376396411646,24.25_91.25,0.5552252943305944,low_confidence
A326,60026,54.023,6.85,367.84,60026.0,0.059,Assam,24.93377962142331,93.04636490853964,25.0_93.0,0.08083837753647626,good
A327,65716,59.144,4.01,376.78,65716.0,0.117,Assam,24.89387223050703,92.81145737804425,25.0_92.75,0.1226381375169546,good
A328,122527,110.274,0.0,2802.92,122527.0,0.487,Assam,24.462927499879843,91.67794874236337,24.5_91.75,0.08102934031682059,good
A329,89683,80.715,4.43,452.59,89683.0,0.125,Assam,24.889205144787752,94.94359125103605,25.0_94.5,0.45721843569265036,low_confidence
A330,70048,63.043,0.01,4366.85,70048.0,0.192,Assam,24.492834706994568,90.29445631328994,25.25_90.25,0.7584692773760419,low_confidence
A331,69620,62.658,5.71,454.7,69620.0,0.069,Assam,24.899911978518304,93.02261316990648,25.0_93.0,0.10261075722037952,good
A332,69836,62.852,3.88,370.14,69836.0,0.042,Assam,24.882913878388095,92.85744018128186,25.0_92.75,0.15891051704653344,good
A333,98803,88.923,6.44,354.76,98803.0,0.066,Assam,24.865133987159634,92.95120734638063,24.75_93.0,0.12504622363948015,good
A334,78563,70.707,0.0,1649.22,78563.0,0.0,Assam,24.371138891363902,91.91161326295811,24.25_92.0,0.1499561478759271,good
A335,189759,170.783,3.45,1479.92,189759.0,0.3,Assam,24.835638287687715,92.46522154416918,24.75_92.5,0.09243082444758326,good
A336,140420,126.378,4.1,473.95,140420.0,0.086,Assam,24.832940410910126,94.85903420096852,24.75_94.5,0.3684897138687135,low_confidence
A337,124868,112.381,3.38,447.47,124868.0,0.097,Assam,24.798996671596317,92.24844964727197,24.75_92.25,0.049021193591126035,good
A338,181857,163.671,0.3,760.81,181857.0,0.147,Assam,24.775408223677577,92.1072356256106,24.75_92.25,0.145007739190868,good
A339,53983,48.585,0.0,1815.46,53983.0,0.001,Assam,24.288055215942467,90.2581742554755,25.25_90.25,0.9619795143494854,low_confidence
A340,82128,73.915,0.0,2070.66,82128.0,0.275,Assam,24.400232705857523,90.02496250094704,25.25_90.25,0.8790599127330505,low_confidence
A341,93797,84.417,4.72,443.47,93797.0,0.093,Assam,24.760385525241862,92.31437076878792,24.75_92.25,0.06520318250590038,good
A342,58692,52.823,5.76,345.58,58692.0,0.097,Assam,24.807181955519205,94.78943966904443,24.75_94.5,0.2950340625310027,good
A343,109299,98.369,3.64,661.42,109299.0,0.184,Assam,24.750627389596936,92.97540675882976,24.75_93.0,0.024601242427238962,good
A344,57958,52.162,0.0,1862.83,57958.0,0.194,Assam,24.350880168014385,91.88714204443065,24.25_92.0,0.15137280612416695,good
A345,50254,45.229,9.35,252.18,50254.0,0.007,Assam,24.787379954276716,93.0726848609066,24.75_93.0,0.08173340802108972,good
A346,99357,89.421,0.0,3039.38,99357.0,0.729,Assam,24.65274989851411,91.02642299150203,24.25_91.25,0.46064537279997325,low_confidence
A347,88074,79.267,5.62,478.14,88074.0,0.153,Assam,24.750738268072553,92.67454954230408,24.75_92.75,0.07545406951431498,good
A348,187037,168.333,15.96,896.09,187037.0,0.216,Assam,24.691652504287624,93.2260846903138,24.75_93.25,0.06305848311918591,good
A349,111686,100.517,0.0,2127.16,111686.0,0.387,Assam,24.566953945287082,91.66444641673979,24.5_91.75,0.10863814430561122,good
A350,107378,96.64,0.01,2575.03,107378.0,0.605,Assam,24.378010212106346,91.51024194382876,24.25_91.5,0.12841928132840205,good
A351,53486,48.137,13.74,316.09,53486.0,0.047,Assam,24.739388671801965,93.14804412992808,24.75_93.25,0.10250658382878823,good
A352,147963,133.167,0.0,3364.43,147963.0,0.77,Assam,24.501979336801167,90.6581727676664,24.25_91.25,0.6432363944199712,low_confidence
A353,80983,72.885,5.74,262.5,80983.0,0.014,Assam,24.733581245446572,92.4796110329054,24.75_92.5,0.026177957908716718,good
A354,131675,118.508,3.66,575.19,131675.0,0.11,Assam,24.709655277092168,92.18852282134043,24.75_92.25,0.07353325888637584,good
A355,69576,62.618,0.0,3100.55,69576.0,1.168,Assam,24.533955307066293,90.54621332547622,25.25_90.5,0.717534440797163,low_confidence
A356,73855,66.47,0.0,2067.35,73855.0,0.468,Assam,24.408528565733153,91.9426772241404,24.5_92.0,0.10794870966845502,good
A357,118846,106.961,0.0,4342.35,118846.0,1.08,Assam,24.72597926915691,91.94824483879232,24.5_92.0,0.2318301680116797,good
A358,128580,115.722,0.0,3659.14,128580.0,1.032,Assam,24.429934619173537,90.95138622517759,24.25_91.25,0.34863541657556385,low_confidence
A359,239852,215.867,4.14,881.13,239852.0,0.156,Assam,24.699419453338816,94.92015413208516,24.75_94.5,0.42318776731939856,low_confidence
A360,125226,112.703,5.27,553.24,125226.0,0.117,Assam,24.66105622811734,92.81618161918807,24.75_92.75,0.1108647882560998,good
A361,59098,53.188,6.5,338.17,59098.0,0.066,Assam,24.62581969779011,92.7604494887964,24.75_92.75,0.12461917698751512,good
A362,56052,50.447,3.98,372.09,56052.0,0.067,Assam,24.66109724997423,92.1838063811778,24.75_92.25,0.11083904607548263,good
A363,154493,139.044,5.4,714.4,154493.0,0.191,Assam,24.69842929057555,92.54316711041206,24.75_92.5,0.06725278798583544,good
A364,55867,50.28,2.18,423.36,55867.0,0.095,Assam,24.631808382209332,92.16049643697433,24.75_92.25,0.14825702786129877,good
A365,55462,49.916,0.0,3459.15,55462.0,1.022,Assam,24.631954105714023,90.94317851762368,24.25_91.25,0.48992689344370777,low_confidence
A366,143506,129.155,3.58,522.7,143506.0,0.125,Assam,24.66035680467096,94.83070320714427,24.75_94.5,0.3426375835840322,low_confidence
A367,76101,68.491,5.45,310.59,76101.0,0.062,Assam,24.625791378854707,92.71746114812333,24.75_92.75,0.12839999395742388,good
A368,103753,93.378,0.01,2824.49,103753.0,0.716,Assam,24.566830876108533,91.64565608276924,24.5_91.75,0.12391133549637276,good
A369,66709,60.038,0.01,3276.18,66709.0,1.12,Assam,24.26856683922376,91.93700531412553,24.25_92.0,0.06567387583494877,good
A370,65863,59.277,7.52,302.43,65863.0,0.053,Assam,24.602885893614186,92.35096195469721,24.5_92.25,0.14414861567518233,good
A371,54041,48.637,0.0,2376.58,54041.0,0.749,Assam,24.313189502209227,90.89834035475123,24.25_91.25,0.35729178452063926,low_confidence
A372,111627,100.464,0.0,3566.59,111627.0,0.99,Assam,24.591537289863165,91.12952571958398,24.25_91.25,0.3621626328168511,low_confidence
A373,82331,74.098,5.95,489.7,82331.0,0.151,Assam,24.637001875221834,92.65005656368129,24.75_92.75,0.15085511813184888,good
A374,180412,162.371,0.0,4909.89,180412.0,0.871,Assam,24.62966737091891,91.26168513673642,24.25_91.25,0.37984714683807413,low_confidence
A375,66097,59.487,0.01,3445.34,66097.0,1.039,Assam,24.423862168899916,91.84288737259887,24.5_91.75,0.12010426017817015,good
A376,53716,48.344,0.0,2828.52,53716.0,0.775,Assam,24.721466069493054,91.82409917694707,24.5_91.75,0.23353352641737746,good
A377,189507,170.556,7.44,585.27,189507.0,0.127,Assam,24.649823508425076,94.73259796471899,24.75_94.5,0.25325311973533093,good
A378,54274,48.847,6.61,312.54,54274.0,0.05,Assam,24.54219016267253,92.38364008446852,24.5_92.5,0.12377253236815765,good
A379,58836,52.952,2.25,442.47,58836.0,0.052,Assam,24.55423622442042,92.6027251314388,24.5_92.5,0.1161637665905404,good
A380,110665,99.598,0.0,4232.63,110665.0,1.18,Assam,24.64973032977404,91.1847275209968,24.25_91.25,0.4050244845148086,low_confidence
A381,58118,52.306,0.0,2364.09,58118.0,0.748,Assam,24.28866777743365,91.58030830475164,24.25_91.5,0.0891326024737322,good
A382,68952,62.057,0.0,1513.68,68952.0,0.196,Assam,24.273153679371156,90.15823540288898,25.25_90.25,0.981147020282414,low_confidence
A383,63146,56.831,0.0,1963.31,63146.0,0.568,Assam,24.3079821234388,91.16089950713867,24.25_91.25,0.10630533602131671,good
A384,158313,142.482,6.25,515.3,158313.0,0.111,Assam,24.569584111503442,92.47379404162079,24.5_92.5,0.07435523403430466,good
A385,56529,50.876,0.0,1904.17,56529.0,0.446,Assam,24.312394542820694,91.43802396410102,24.25_91.5,0.0879437774919582,good
A386,51488,46.339,0.0,2089.65,51488.0,0.119,Assam,24.468238526992266,91.15231728752332,24.25_91.25,0.23910241943685218,good
A387,116862,105.176,8.64,567.43,116862.0,0.14,Assam,24.5253640927856,94.71750136675928,24.75_94.5,0.31267896531776895,low_confidence
A388,90601,81.541,8.71,431.01,90601.0,0.133,Assam,24.51795571608849,92.87284513661243,24.5_92.75,0.12415045440744917,good
A389,77066,69.359,10.15,243.89,77066.0,0.041,Assam,24.527178680899777,92.72314782134794,24.5_92.75,0.03820628474235923,good
A390,73337,66.003,0.0,1873.94,73337.0,0.398,Assam,24.483631700990706,90.13966891428156,25.25_90.25,0.7742695384697815,low_confidence
A391,144840,130.356,0.01,4040.09,144840.0,0.909,Assam,24.52223903004081,91.97349356761484,24.5_92.0,0.034600078250565734,good
A392,136908,123.217,9.89,615.6,136908.0,0.129,Assam,24.49858362306561,92.54047090016654,24.5_92.5,0.04049567734845637,good
A393,211779,190.601,5.94,468.13,211779.0,0.052,Assam,24.510906895343204,92.23273197137897,24.5_92.25,0.02042413225780723,good
A394,134623,121.161,21.8,625.72,134623.0,0.125,Assam,24.49347538228155,93.25391272293739,24.5_93.25,0.007607893082626444,good
A395,72822,65.54,0.01,3047.94,72822.0,0.771,Assam,24.49934315484637,91.69944626013506,24.5_91.75,0.05055800688207236,good
A396,81569,73.412,17.62,354.47,81569.0,0.06,Assam,24.443986492008808,92.76168157565307,24.5_92.75,0.057218635838490524,good
A397,155206,139.685,0.0,2423.57,155206.0,0.353,Assam,24.50249191218266,90.88736378497681,24.25_91.25,0.44187915787463744,low_confidence
A398,62344,56.11,0.0,1968.31,62344.0,0.011,Assam,24.72690183587122,90.4602702122275,25.25_90.5,0.5246047515523922,low_confidence
A399,55826,50.243,5.82,283.39,55826.0,0.04,Assam,24.498418921689215,94.83509405215412,24.75_94.5,0.41902394054884845,low_confidence
A400,96283,86.655,8.5,447.76,96283.0,0.107,Assam,24.453265619175877,92.05799195254268,24.5_92.0,0.07447931867791548,good
A401,51963,46.767,0.01,2358.28,51963.0,0.002,Assam,24.633110060149637,90.24718151483856,25.25_90.25,0.6168963784519975,low_confidence
A402,58701,52.831,13.09,320.67,58701.0,0.07,Assam,24.447854432727816,92.84906659265695,24.5_92.75,0.11195244511307746,good
A403,72131,64.918,0.0,1976.26,72131.0,0.408,Assam,24.702461909581178,91.30471963048713,24.25_91.25,0.4557587273794039,low_confidence
A404,69975,62.978,5.96,270.8,69975.0,0.02,Assam,24.479222603310706,94.8937813941487,24.75_94.5,0.4778955795312693,low_confidence
A405,55107,49.596,0.01,2228.57,55107.0,0.472,Assam,24.58067753542099,91.54205342938889,24.5_91.75,0.22304851703279224,good
A406,126707,114.036,8.36,450.65,126707.0,0.057,Assam,24.433326467098635,94.68189295206878,24.75_94.5,0.36519470485280486,low_confidence
A407,143391,129.052,0.0,3418.91,143391.0,0.592,Assam,24.600365792754697,91.44259219159115,24.5_91.75,0.3233772611455753,low_confidence
A408,60004,54.004,0.01,3633.36,60004.0,0.813,Assam,24.440995660474485,90.01594648319742,25.25_90.25,0.8421811385318293,low_confidence
A409,57865,52.078,9.02,336.08,57865.0,0.073,Assam,24.37656938083854,92.2321327995238,24.5_92.25,0.12471709826418508,good
A410,101038,90.934,0.95,912.18,101038.0,0.332,Assam,24.386034181858967,94.77653973147618,24.75_94.5,0.45710539250810345,low_confidence
A411,84618,76.156,0.01,3098.25,84618.0,0.488,Assam,24.647284052381814,91.21031010607147,24.25_91.25,0.39926170108961506,low_confidence
A412,74057,66.651,13.64,336.76,74057.0,0.084,Assam,24.40495251405449,92.6194921066806,24.5_92.5,0.15268394854577538,good
A413,96409,86.768,0.0,2143.52,96409.0,0.281,Assam,24.572327998423383,91.14057085207583,24.25_91.25,0.34039694032560736,low_confidence
A414,78979,71.081,0.01,6173.38,78979.0,2.087,Assam,24.570496907757477,90.63877803311992,25.25_90.75,0.6885454075686112,low_confidence
A415,273416,246.074,5.13,862.47,273416.0,0.145,Assam,24.31065224988865,94.42009803742283,24.25_94.25,0.18058803324598957,good
A416,64861,58.375,0.01,3869.74,64861.0,0.626,Assam,24.40617039600924,90.42043332836545,24.25_91.25,0.8441386469511464,low_confidence
A417,76570,68.913,9.18,466.31,76570.0,0.118,Assam,24.364294487252042,94.90658024247965,24.75_94.5,0.5604250495284582,low_confidence
A418,60717,54.645,0.0,2098.9,60717.0,0.002,Assam,24.74409174256523,91.10459383972639,24.25_91.25,0.5150433006230268,low_confidence
A419,52354,47.119,18.37,268.04,52354.0,0.037,Assam,24.37239831510274,92.70220291986604,24.25_92.75,0.131399803688292,good
A420,73084,65.776,15.67,272.03,73084.0,0.038,Assam,24.323778893693103,92.61331233010418,24.25_92.5,0.1352146785974681,good
A421,50460,45.414,19.22,245.53,50460.0,0.022,Assam,24.33313344453252,92.50357183908046,24.25_92.5,0.08321014141472483,good
A422,141140,127.026,0.0,3458.49,141140.0,0.557,Assam,24.5733114421457,90.90428072992931,24.25_91.25,0.473341422569949,low_confidence
A423,68841,61.957,0.0,2010.18,68841.0,0.277,Assam,24.580293748557462,91.49538925446561,24.5_91.75,0.26697138011215427,good
A424,84414,75.973,0.0,2163.94,84414.0,0.168,Assam,24.71077084040825,91.51902982127767,24.5_91.75,0.3126844585607444,low_confidence
A425,60453,54.408,18.18,303.15,60453.0,0.083,Assam,24.30307019962248,92.0586348301803,24.25_92.0,0.07908532985479565,good
A426,109968,98.971,9.49,523.2,109968.0,0.1,Assam,24.31120239524225,94.87545271755825,24.75_94.5,0.5775015853337635,low_confidence
A427,58120,52.308,0.0,2103.46,58120.0,0.322,Assam,24.34823958094364,91.30834289688002,24.25_91.25,0.11425808015337444,good
A428,99210,89.289,11.36,419.62,99210.0,0.112,Assam,24.2864261331183,92.26794116016531,24.25_92.25,0.04060478299448704,good
A429,360571,324.514,0.0,5883.13,360571.0,0.677,Assam,24.474764694208783,90.21821342706738,25.25_90.25,0.7758866963442548,low_confidence
A430,100402,90.362,25.74,507.92,100402.0,0.136,Assam,24.259987799047828,92.72976236639819,24.25_92.75,0.022568073546956967,good
A431,75909,68.318,0.0,1071.63,75909.0,0.108,Assam,24.47014834282569,91.51756511451578,24.25_91.5,0.22084797055180397,good
A432,128151,115.336,0.0,2791.22,128151.0,0.288,Assam,24.531926210746175,91.78884202576995,24.5_91.75,0.050279080128049165,good
A433,154769,139.292,8.09,1259.56,154769.0,0.283,Assam,24.224955144620548,94.84104780709029,24.25_94.25,0.5915781901382264,low_confidence
A434,442847,398.562,10.71,1171.07,442847.0,0.122,Assam,24.374340855243958,92.41836848655781,24.25_92.5,0.1487425704687842,good
A435,129652,116.687,19.3,444.78,129652.0,0.091,Assam,24.242964019923416,92.65247361312505,24.25_92.75,0.09777986066936188,good
A436,351276,316.148,9.9,690.2,351276.0,0.086,Assam,24.28860910888684,92.17540802989988,24.25_92.25,0.0839918168183799,good
A437,71262,64.136,0.0,2929.7,71262.0,0.359,Assam,24.663008085967586,91.77825812572698,24.5_91.75,0.16543928723376972,good
A438,54447,49.002,0.01,2942.54,54447.0,0.004,Assam,24.307071642555552,91.8606988243409,24.25_91.75,0.12454477947487928,good
A439,58878,52.99,22.61,287.87,58878.0,0.037,Assam,24.2232842204785,92.46395097584082,24.25_92.5,0.044869421862452574,good
A440,86563,77.907,0.0,1506.13,86563.0,0.598,Assam,24.156344800896456,94.75640144557529,24.25_94.25,0.5149890488154777,low_confidence
A441,138412,124.571,0.0,1470.42,138412.0,0.121,Assam,24.471142356394918,91.83277813099058,24.5_91.75,0.08766403233214241,good
A442,432857,389.571,0.0,9763.28,432857.0,0.998,Assam,24.503193306334424,90.97874996053355,24.25_91.25,0.37105718465367177,low_confidence
A443,61045,54.94,13.48,206.93,61045.0,0.017,Assam,24.225300843639936,92.1140976874983,24.25_92.0,0.116740441224791,good
A444,124622,112.16,0.0,1102.56,124622.0,0.27,Assam,24.210398115010904,94.72141754220318,24.25_94.25,0.4730780151217986,low_confidence
A445,95462,85.916,0.0,1855.44,95462.0,0.236,Assam,24.52033788022692,90.81390222461992,24.25_91.25,0.5130924275187031,low_confidence
A446,70246,63.221,8.24,476.44,70246.0,0.102,Assam,24.229452408519897,94.66665164010921,24.25_94.25,0.41715799491478806,low_confidence
A447,73074,65.767,30.05,451.58,73074.0,0.108,Assam,24.14603976030386,92.99477129348332,24.25_93.0,0.10409164620427636,good
A448,53171,47.854,3.61,270.46,53171.0,0.034,Assam,24.21094593126161,94.33358780580058,24.25_94.25,0.09226126794911181,good
A449,52225,47.002,0.0,1678.62,52225.0,0.001,Assam,24.577439056433168,91.379023025371,24.25_91.5,0.34907272031516484,low_confidence
A450,81234,73.111,0.0,1665.23,81234.0,0.092,Assam,24.559724656889696,90.52640681378624,25.25_90.5,0.6907802610963848,low_confidence
A451,118803,106.923,0.01,2006.12,118803.0,0.129,Assam,24.549669408366977,91.28785958220286,24.25_91.25,0.3020514894444141,low_confidence
A452,72586,65.327,0.01,2206.86,72586.0,0.235,Assam,24.622684803772994,90.95836463719665,24.25_91.25,0.47322843088803906,low_confidence
A453,187248,168.523,23.44,732.29,187248.0,0.144,Assam,24.137839342001573,92.5928421606046,24.25_92.5,0.1456010988570182,good
A454,56880,51.192,0.0,1995.39,56880.0,0.272,Assam,24.529553152836378,91.57275770628223,24.5_91.75,0.1796892304087974,good
A455,82029,73.826,0.0,3318.07,82029.0,0.484,Assam,24.3154593158788,91.09812078993744,24.25_91.25,0.165385055203147,good
A456,71141,64.027,10.68,617.2,71141.0,0.06,Assam,24.070032904138728,94.80601916538205,24.25_94.25,0.5844189147049367,low_confidence
A457,191671,172.504,26.59,802.09,191671.0,0.174,Assam,24.20752994714902,92.75542649615458,24.25_92.75,0.04281532727518,good
A458,82033,73.83,22.73,344.09,82033.0,0.099,Assam,24.151490352121165,92.44876874753656,24.25_92.5,0.11103509334523297,good
A459,68727,61.854,23.72,330.19,68727.0,0.062,Assam,24.111469303670074,92.37074668212234,24.0_92.25,0.16433248888836824,good
A460,53463,48.117,0.01,2468.37,53463.0,0.004,Assam,24.50788416495728,90.1723738120029,25.25_90.25,0.7461646853638385,low_confidence
A461,50905,45.814,0.0,1634.85,50905.0,0.001,Assam,24.56478045160375,91.90353214593634,24.5_92.0,0.11620048957570484,good
A462,622655,560.39,18.43,1916.69,622655.0,0.188,Assam,24.415708680747944,92.91886179746409,24.5_93.0,0.11699758293234336,good
A463,56985,51.286,0.01,1647.87,56985.0,0.023,Assam,24.50947393563608,90.92549863024384,24.25_91.25,0.4154850926905837,low_confidence
A464,205591,185.032,17.13,469.2,205591.0,0.074,Assam,24.075713982291703,92.21311977150967,24.0_92.25,0.08421851558871944,good
A465,72292,65.063,17.14,478.88,72292.0,0.136,Assam,24.132904828104536,94.56637530585834,24.25_94.25,0.3373493937124964,low_confidence
A466,153594,138.235,0.01,8042.37,153594.0,1.522,Assam,24.52402356573535,91.74675701126925,24.5_91.75,0.02424146626234709,good
A467,54702,49.232,0.0,1692.62,54702.0,0.002,Assam,24.55540020373011,90.50646156549223,25.25_90.5,0.6946298502128918,low_confidence
A468,147588,132.829,0.0,2234.49,147588.0,0.18,Assam,24.47055456556239,91.96237216478004,24.5_92.0,0.0477795729633525,good
A469,145015,130.514,0.01,6198.86,145015.0,1.549,Assam,24.479626469675548,91.03974325836025,24.25_91.25,0.31134580931918987,low_confidence
A470,66425,59.782,0.0,2074.95,66425.0,0.007,Assam,24.522395307991466,91.4769159411199,24.25_91.5,0.27337168395820716,good
A471,213556,192.2,16.01,539.17,213556.0,0.088,Assam,24.114554825328145,92.12752617840546,24.0_92.25,0.16769807685818272,good
A472,53694,48.325,0.0,1693.52,53694.0,0.014,Assam,24.540736896942757,91.42718559491439,24.25_91.5,0.29971633394240393,good
A473,352462,317.216,0.0,5217.63,352462.0,0.629,Assam,24.51788431566145,90.69487885770508,24.25_91.25,0.6163777163397647,low_confidence
A474,120663,108.597,22.67,426.07,120663.0,0.111,Assam,24.076524645776527,92.31416185989077,24.0_92.25,0.09986373553931466,good
A475,50216,45.194,0.02,2576.23,50216.0,0.072,Assam,24.64546262368789,90.57538825053547,25.25_90.5,0.6092198516768205,low_confidence
A476,122807,110.526,26.52,522.62,122807.0,0.133,Assam,24.05847874216363,92.59371356862576,24.0_92.5,0.11046264630912608,good
A477,156086,140.477,0.0,1789.18,156086.0,0.031,Assam,24.492290282992137,91.27683625266414,24.25_91.25,0.24377195427174012,good
A478,122148,109.933,0.0,4469.17,122148.0,0.86,Assam,24.518153060222023,90.73129246669797,24.25_91.25,0.5839208583453044,low_confidence
A479,89263,80.337,0.0,2480.73,89263.0,0.019,Assam,24.52913207164347,90.6481178527373,24.25_91.25,0.6634582372791324,low_confidence
A480,112080,100.872,27.86,555.56,112080.0,0.161,Assam,24.07818208224284,92.4599008421564,24.0_92.5,0.08786569548801222,good
A481,71168,64.051,0.01,2610.81,71168.0,0.027,Assam,24.434155566172063,90.78498373566772,24.25_91.25,0.5001533751217713,low_confidence
A482,102508,92.257,0.0,3008.71,102508.0,0.049,Assam,24.504939996553112,90.86473634578115,24.25_91.25,0.46197671489433284,low_confidence
A483,54375,48.938,0.0,1712.35,54375.0,0.018,Assam,24.517299443167303,90.41236230906769,25.25_90.5,0.7379230792263454,low_confidence
A484,472118,424.906,0.0,8022.03,472118.0,0.727,Assam,24.511258225933158,90.30712223486032,25.25_90.25,0.7409469336375324,low_confidence
A485,72282,65.054,0.0,1367.93,72282.0,0.031,Assam,24.40715490870633,90.55274879791804,24.25_91.25,0.7147425439521777,low_confidence
A486,84737,76.263,16.21,3683.32,84737.0,1.424,Assam,24.08925532661188,92.02880404794968,24.0_92.0,0.09378798700729603,good
A487,92056,82.85,0.0,1712.72,92056.0,0.011,Assam,24.507429988268008,90.1996785350463,25.25_90.25,0.7442731166438412,low_confidence
A488,244880,220.392,0.01,4048.75,244880.0,0.261,Assam,24.506590789366218,90.47450212689209,25.25_90.5,0.7438463524063085,low_confidence
A489,82430,74.187,0.01,2019.98,82430.0,0.008,Assam,24.512279065065307,90.38597086753744,25.25_90.5,0.746481627966209,low_confidence
A490,50031,45.028,0.0,2645.7,50031.0,0.011,Assam,24.70141155816727,91.6835137270448,24.5_91.75,0.21210148574406767,good
A491,58034,52.231,0.01,2747.0,58034.0,0.011,Assam,24.515153434959583,90.41778553663944,25.25_90.5,0.7394313302378827,low_confidence
A492,114741,103.267,0.0,2580.47,114741.0,0.139,Assam,24.50424923426577,91.56560291584235,24.5_91.75,0.18444603719703395,good
A493,53285,47.956,0.01,1463.29,53285.0,0.001,Assam,24.39704595831639,91.72131438908178,24.5_91.75,0.10687562384726369,good
A494,74288,66.859,0.0,1823.1,74288.0,0.063,Assam,24.504871457480796,90.85778576097232,24.25_91.25,0.46775150361537865,low_confidence
A495,67247,60.522,0.0,4800.57,67247.0,1.715,Assam,24.499528603506477,90.35060798251223,25.25_90.25,0.7571851049116857,low_confidence
A496,58855,52.97,0.0,1826.31,58855.0,0.007,Assam,24.53424212046555,90.27177930223998,25.25_90.25,0.7160891565452681,low_confidence
A497,54257,48.831,0.0,2566.71,54257.0,0.02,Assam,24.603509444761862,91.72475886367965,24.5_91.75,0.10654257420229361,good
A498,80989,72.89,0.0,2160.06,80989.0,0.003,Assam,24.467475483639067,91.331768803308,24.25_91.25,0.2323396719857966,good
A499,175431,157.888,0.0,6286.32,175431.0,1.022,Assam,24.487256691298064,90.05518195346193,25.25_90.25,0.7872302244111867,low_confidence
A500,115001,103.501,0.09,2456.83,115001.0,0.008,Assam,24.565425390020764,90.79013531283303,24.25_91.25,0.5576456824659598,low_confidence
A501,52776,47.498,0.01,2427.06,52776.0,0.003,Assam,24.49809986231115,91.34085003389589,24.25_91.25,0.26421065523119264,good
A502,50224,45.202,0.04,3589.5,50224.0,0.001,Assam,24.0011116088811,91.00628971651446,24.0_91.25,0.24371281860195054,good
A504,71213,64.092,0.0,794003.1,15940273.0,1.664,Assam,24.494809624335133,90.00736186978969,25.25_90.25,0.7932123081047079,low_confidence
A505,52841,47.557,0.02,9028.26,8105389.0,0.027,Assam,24.494812161852433,91.36559364151154,24.25_91.25,0.27073028007365535,good
A506,5626,5.063,0.27,7818589.0,15628877.0,16.679,Assam,24.005694345696565,90.40472202472647,24.0_91.25,0.8452971554757738,low_confidence
A507,29686,26.717,0.02,36922.45,9374540.0,0.126,Assam,24.242201299527647,90.24970461197572,24.25_91.25,1.0003257884467993,low_confidence
A508,31176,28.058,0.02,919202.56,8217554.0,3.73,Assam,24.467052192926182,91.37745063866792,24.25_91.5,0.24925890238257198,good
A509,60620,54.558,0.02,9428.83,168162.0,1.878,Assam,24.55772511822281,91.7154221791488,24.5_91.75,0.06728904047952207,good
A510,43154,38.839,0.0,50369.48,765932.94,2.135,Assam,24.49329448023358,90.26681896360837,25.25_90.25,0.7568924105722213,low_confidence
A511,95403,85.863,0.01,9907.63,237978.0,1.219,Assam,24.55431209652154,90.34070696588857,25.25_90.25,0.701576376959036,low_confidence
A512,69767,62.79,0.01,88934.45,1870571.0,1.549,Assam,24.57680017853076,90.85180226484027,24.25_91.25,0.5151308503420006,low_confidence
A513,41062,36.956,0.02,289301.72,3442828.2,2.817,Assam,24.323724253026587,91.72512982400598,24.25_91.75,0.07780611247390488,good
A515,10853,9.768,0.03,16055.24,4620297.0,0.104,Assam,24.488315237978235,90.41509710576698,25.25_90.5,0.7664020995178039,low_confidence
A516,12637,11.373,0.0,18719.29,123453.0,5.188,Assam,24.162099786341695,91.67402000738572,24.25_91.75,0.116186947798974,good
A518,41394,37.255,0.0,3634.64,4035856.0,0.023,Assam,24.253800188433104,90.45962964976138,24.25_91.25,0.7903794860498612,low_confidence
A519,268892,242.003,0.01,18005.63,721519.06,0.892,Assam,24.495589803093186,90.18520703169551,25.25_90.25,0.7571874760841497,low_confidence
A520,39188,35.269,0.02,21126.01,221592.0,3.009,Assam,24.50961815833645,91.99093458314904,24.5_92.0,0.01321706292890717,good
A521,161789,145.61,0.0,10375.11,303647.0,1.357,Assam,24.49405154759182,90.5368071634454,24.25_91.25,0.7537938577587078,low_confidence
A522,54545,49.09,0.01,39964.65,663924.0,2.099,Assam,24.425938939305976,90.27743101007324,25.25_90.25,0.8245174904547502,low_confidence
A523,58904,53.014,0.01,551230.6,4733576.0,3.885,Assam,24.570894086611737,90.40714209655636,25.25_90.5,0.6854250008796408,low_confidence
A525,31177,28.059,0.02,2464.81,210869.0,0.132,Assam,24.508955488910985,90.77034371848194,24.25_91.25,0.5450945731126483,low_confidence
A526,67140,60.426,19.91,2202.77,261253.0,0.305,Assam,24.203911039949688,92.53091985238143,24.25_92.5,0.055499815403375154,good
A527,146083,131.475,0.0,76976.78,1887441.0,1.395,Assam,24.503000837803775,90.63405185940718,24.25_91.25,0.6658840258101744,low_confidence
A528,55652,50.087,0.0,3317.92,802463.06,0.081,Assam,24.553735749738454,90.72315457366012,24.25_91.25,0.608129516570628,low_confidence
A529,271060,243.954,0.0,11674.69,607558.0,0.836,Assam,24.424780740426474,91.24663571411004,24.25_91.25,0.17481311633735006,good
A530,7368,6.631,34.22,7222.38,317423.0,0.765,Assam,24.01786709042104,92.53257434551816,24.0_92.5,0.037152670241179395,good
A531,20356,18.32,0.01,446418.1,2648170.0,5.622,Assam,24.30675271828126,90.57352825265825,24.25_91.25,0.6788482127721286,low_confidence
A532,205177,184.659,12.98,1703.17,394567.0,0.179,Assam,24.23633212895316,92.32013920501161,24.25_92.25,0.07145851088998652,good
A533,20270,18.243,0.01,221736.42,1320547.0,5.583,Assam,24.52036712711725,90.67957663213288,24.25_91.25,0.631253674868119,low_confidence
A534,92424,83.182,0.01,13370.29,394472.0,1.121,Assam,24.51239479043442,91.43380186844206,24.25_91.5,0.2706163680727494,good
A535,193364,174.028,13.38,2541.16,467965.0,0.211,Assam,24.183684858034013,92.03854534999047,24.25_92.0,0.07670359874123847,good
A536,248291,223.462,0.01,27584.96,960615.06,0.994,Assam,24.507336788732218,91.4730319407917,24.25_91.5,0.2587460126310597,good
A537,53274,47.947,0.0,143451.5,3552883.0,1.347,Assam,24.29870654019263,91.02740314224576,24.25_91.25,0.22786331020942735,good
A538,33351,30.016,0.01,23973.06,299785.0,2.737,Assam,24.44437548099507,91.94700710290213,24.5_92.0,0.07682665069723384,good
A539,270016,243.014,0.01,22371.2,889400.0,0.896,Assam,24.547638167738207,90.50701828369019,25.25_90.5,0.7023968961520969,low_confidence
A540,70737,63.663,0.0,155406.86,3172988.2,1.632,Assam,24.425074831182172,91.72687815821675,24.5_91.75,0.07841173693924687,good
A541,55891,50.302,19.28,12108.72,1871788.0,0.217,Assam,24.046890748659592,94.55668203884943,24.25_94.25,0.3678413257546038,low_confidence
A542,6050,5.445,0.03,197670.62,430015.0,15.438,Assam,24.516943847566573,90.92264866850321,24.25_91.25,0.4223954450350574,low_confidence
A543,14251,12.826,0.84,14932.39,746204.94,0.674,Assam,24.712522707958115,92.92651862637321,24.75_93.0,0.08248672431896407,good
A544,76344,68.71,0.01,5696.7,894088.0,0.168,Assam,24.441143049879493,91.90971037162203,24.5_92.0,0.10777920750367627,good
A545,117458,105.712,0.0,16209.55,892440.0,0.579,Assam,24.59962049318811,90.1640787960141,25.25_90.25,0.656030453694999,low_confidence
A546,405120,364.608,5.8,4067.34,898896.94,0.181,Assam,24.54075217219589,92.31346008521481,24.5_92.25,0.07541831312191344,good
A547,115138,103.624,17.79,1766.78,435269.0,0.146,Assam,24.285246269693758,92.52669629536344,24.25_92.5,0.04421528823220471,good
A548,68034,61.231,16.3,2889.06,360107.0,0.287,Assam,24.405619902467066,92.80408545318845,24.5_92.75,0.10877885390518707,good
A549,23082,20.774,3.72,26623.32,711410.0,1.256,Assam,24.130717767091237,94.77092129268598,24.25_94.25,0.5344036342141923,low_confidence
A550,84721,76.249,0.01,120161.94,2882364.2,1.376,Assam,24.37413864659031,91.10855791362236,24.25_91.25,0.18819210232135927,good
A552,6942,6.248,0.0,237261.1,512385.0,15.533,Assam,24.397039357853963,90.92294167546977,24.25_91.25,0.3585912999538966,low_confidence
A553,10697,9.627,0.01,29086.56,364175.0,2.695,Assam,24.077639551068316,91.22989558339306,24.0_91.25,0.08020029586725393,good
A554,179801,161.821,0.0,16687.43,564682.0,1.077,Assam,24.475214524205462,90.5161321096348,24.25_91.25,0.7676481371189326,low_confidence
A556,269271,242.344,7.0,1951.59,595858.0,0.129,Assam,24.091364862082354,94.31555108050998,24.25_94.25,0.1716451314141356,good
A557,486995,438.296,19.01,4081.94,1041452.0,0.173,Assam,24.512734161655775,93.06265177887978,24.5_93.0,0.06393281058952902,good
A558,40190,36.171,5.55,3362.5,656481.0,0.169,Assam,24.178250898509855,94.65522659727407,24.25_94.25,0.41152949918925724,low_confidence
A559,181740,163.566,0.0,98883.6,2562522.0,1.302,Assam,24.500960563320003,90.80305465225047,24.25_91.25,0.512583015927025,low_confidence
A560,49418,44.476,0.3,5333.43,275078.0,0.689,Assam,24.364650161209813,94.72507138649435,24.75_94.5,0.4462640779562164,low_confidence
A561,102938,92.644,4.76,5649.29,631356.0,0.318,Assam,24.398361791671793,92.01906705708507,24.5_92.0,0.10341120857070236,good
A562,70747,63.672,0.0,5657.67,1013147.06,0.145,Assam,24.546158184171137,90.91898714590175,24.25_91.25,0.4441612090556906,low_confidence
A563,116874,105.187,0.01,13696.05,309002.0,1.618,Assam,24.645770975105194,91.81912302755295,24.5_91.75,0.1613293839361093,good
A564,170522,153.47,1.26,12881.92,968495.06,0.473,Assam,24.057981446512603,94.68720200326058,24.25_94.25,0.47751095960036033,low_confidence
A565,18915,17.024,10.82,7022.28,504644.0,0.469,Assam,24.358022733280464,92.54797177431199,24.25_92.5,0.11819560920788336,good
A566,149952,134.957,0.01,59559.5,1677912.0,1.213,Assam,24.472993513479867,91.84305722831307,24.5_91.75,0.09689684234005372,good
A567,336954,303.259,0.0,84947.75,2867834.0,1.02,Assam,24.471314105354306,91.7645328524896,24.5_91.75,0.032157181983316845,good
A568,184754,166.279,7.24,1887.91,593895.0,0.111,Assam,24.436535665142717,92.1429044988351,24.5_92.25,0.12448762255196202,good
A569,12430,11.187,10.12,2141.75,215166.0,0.338,Assam,24.3363800840261,92.65539460981496,24.25_92.75,0.12810815262277148,good
A570,67902,61.112,3.99,3458.14,565023.0,0.214,Assam,24.63415523679551,92.4110926163196,24.75_92.5,0.14602921637397345,good
A571,65065,58.558,1.86,25510.82,617187.0,1.428,Assam,24.233767335228872,94.78932090985937,24.25_94.25,0.5395651427002217,low_confidence
A572,42358,38.122,0.01,199202.05,2459618.0,2.703,Assam,24.21208092004134,91.78329165814145,24.25_91.75,0.050459797133147424,good
A573,79831,71.848,0.0,6206.15,240154.0,0.54,Assam,24.45457958409362,91.52715121457969,24.25_91.5,0.2063734350178586,good
A574,10150,9.135,7.59,6418.18,428958.0,0.502,Assam,24.499462807881773,92.81620500821019,24.5_92.75,0.06620718758173617,good
A575,149897,134.907,0.0,32273.76,1111289.0,1.018,Assam,24.489476286679814,90.14780372522466,25.25_90.25,0.7673593663338456,low_confidence
A576,54160,48.744,3.18,9904.95,1018920.0,0.33,Assam,24.705403736870178,92.37178330666339,24.75_92.25,0.12969194449545934,good
A577,104424,93.982,0.01,13473.28,234675.0,2.06,Assam,24.448142072490786,91.29746831560647,24.25_91.25,0.203748673314598,good
A578,46671,42.004,8.11,1226.13,233209.0,0.168,Assam,24.414256396429852,94.8976584198134,24.75_94.5,0.5204382635690383,low_confidence
A579,75063,67.557,0.43,10456.9,802702.0,0.453,Assam,24.592867321079922,92.02509197829379,24.5_92.0,0.09619743603265717,good
A580,82278,74.05,0.0,13267.4,429810.0,0.988,Assam,24.403369342689146,91.49961105439283,24.25_91.5,0.15336983587259279,good
A581,147248,132.523,0.01,19387.62,645899.0,1.026,Assam,24.497365416017722,91.48559131721842,24.25_91.5,0.2477847032831542,good
A582,19906,17.915,0.03,36342.16,215087.0,5.893,Assam,24.48210960960961,90.89407314377576,24.25_91.25,0.4249221079854498,low_confidence
A583,98105,88.294,8.38,5157.59,676806.0,0.265,Assam,24.43785399713459,92.57758039005827,24.5_92.5,0.09940242750426918,good
A584,59191,53.272,14.85,3275.78,326711.0,0.36,Assam,24.422046838952618,92.68719812415176,24.5_92.75,0.10010380076368987,good
A585,73865,66.478,11.69,1953.47,477642.0,0.138,Assam,24.490215735162494,92.65688554194213,24.5_92.75,0.0936271015135099,good
A586,107438,96.694,0.0,143529.81,2715614.0,1.781,Assam,24.535747322486767,91.0971962098037,24.25_91.25,0.32403785366328997,low_confidence
A587,20201,18.181,1.18,15226.98,397353.0,1.295,Assam,24.405172818727344,94.82291241082675,24.75_94.5,0.47241741078244154,low_confidence
A588,17579,15.821,0.03,8048.3,4816016.0,0.044,Assam,24.516092828564386,90.39998283937274,25.25_90.5,0.740691007576414,low_confidence
A589,120020,108.018,0.0,69241.38,2086440.0,1.103,Assam,24.51195114703105,90.62075279583033,24.25_91.25,0.6815940488195533,low_confidence
A590,42208,37.987,0.0,88345.56,2239816.0,1.314,Assam,24.28675286017395,91.13185906700153,24.25_91.25,0.12372571592322842,good
A591,63404,57.064,7.98,22468.44,1217852.0,0.62,Assam,24.580295118078773,92.64804159744565,24.5_92.75,0.12977989766800557,good
A592,220766,198.689,0.0,39181.26,1548155.0,0.882,Assam,24.44146744365829,91.195129527544,24.25_91.25,0.19917467391359114,good
A593,19253,17.328,0.01,9792.72,546045.0,0.608,Assam,24.181171332606173,94.70518708484104,24.25_94.25,0.46036145327481215,low_confidence
A594,237890,214.101,2.52,5101.7,1043564.0,0.177,Assam,24.573467874974895,92.10401749174456,24.5_92.0,0.12734664205292492,good
A595,129955,116.96,0.22,4607.12,15818836.0,0.003,Assam,24.164759074722447,90.69259351955165,24.25_91.25,0.5638865132169681,low_confidence
A596,48434,43.591,0.0,11726.28,248354.0,1.726,Assam,24.34933911210215,91.43231491422463,24.25_91.5,0.12020619796691968,good
A597,8145,7.33,12.77,18894.51,251714.0,2.533,Assam,24.34442769933838,94.70629547779825,24.75_94.5,0.45502386225775965,low_confidence
A598,54378,48.94,0.01,354913.03,5553600.0,2.133,Assam,24.433360345891515,91.54942367930659,24.25_91.5,0.18990449315815616,good
A599,18142,16.328,3.94,1598.49,143943.0,0.369,Assam,24.437911001482135,94.85740251289212,24.75_94.5,0.47448508850909893,low_confidence
A600,40175,36.158,0.0,60481.64,1242771.0,1.628,Assam,24.261596999239437,91.20889985480191,24.25_91.25,0.0427049449907537,good
A601,85413,76.872,11.13,2703.77,595940.0,0.149,Assam,24.540212587987515,92.7971854954424,24.5_92.75,0.061996154822690074,good
A602,158727,142.854,0.02,77612.96,1534815.0,1.732,Assam,24.521309475808568,90.22252650952754,25.25_90.25,0.7292082505876659,low_confidence
A604,118629,106.766,11.44,14094.54,1743605.0,0.279,Assam,24.124471447397628,94.61570106756733,24.25_94.25,0.38664542973935523,low_confidence
A605,35357,31.821,0.01,400695.25,4133557.0,3.246,Assam,24.43322900855716,90.48890244898857,24.25_91.25,0.7828424820693102,low_confidence
A606,14089,12.68,0.02,96601.53,384382.0,8.378,Assam,24.507461317339768,90.88068457662007,24.25_91.25,0.45020019088470636,low_confidence
A607,90190,81.171,3.03,6050.37,776731.06,0.266,Assam,24.620671157186678,92.89020173460966,24.5_93.0,0.16314774671903717,good
A608,10506,9.455,0.03,9754.02,3526156.2,0.076,Assam,24.49463856632189,91.69612644626352,24.5_91.75,0.05413967827095195,good
A609,159723,143.751,25.13,3039.97,481383.0,0.249,Assam,24.37258275437963,93.11149616662736,24.25_93.0,0.1657043356218922,good
A610,10758,9.682,0.26,26589.66,2106036.0,0.421,Assam,24.678915742289973,92.07672724174259,24.75_92.25,0.187287000211752,good
A611,127014,114.313,2.36,2461.49,322758.0,0.308,Assam,24.676935530291498,92.58309158395488,24.75_92.5,0.11064641005435212,good
A612,160625,144.562,0.0,54807.19,1473513.0,1.263,Assam,24.47611948292261,91.86921779507134,24.5_91.75,0.12158602616071704,good
A613,268598,241.738,0.01,39656.98,1453224.0,0.96,Assam,24.5256208379561,90.12414434396385,25.25_90.25,0.7352311313863902,low_confidence
A614,14502,13.052,3.96,22163.89,1314685.0,0.563,Assam,24.735988407729202,92.63773529321627,24.75_92.75,0.11313571101646344,good
A615,83567,75.21,1.52,12136.86,1606503.0,0.256,Assam,24.721737757328448,92.85844415259612,24.75_92.75,0.11206644722269231,good
A616,81140,73.026,0.01,53966.85,2101199.0,0.857,Assam,24.29297670350286,91.15136551707612,24.25_91.25,0.10759069785829407,good
A617,220036,198.032,0.0,19656.3,698786.0,1.05,Assam,24.49642822462385,91.40551992754722,24.25_91.5,0.2639192186672748,good
A618,30450,27.405,2.8,10358.44,753786.0,0.463,Assam,24.683664687100894,92.44697998540413,24.75_92.5,0.08492052570002682,good
A619,18644,16.78,0.0,202510.1,1968571.0,3.431,Assam,24.83744304095449,91.15129019762092,25.25_91.25,0.4242014492462219,low_confidence
A620,54389,48.95,0.0,139126.83,3042428.2,1.514,Assam,24.446498612873107,90.10970396383256,25.25_90.25,0.8156576836388763,low_confidence
A621,21902,19.712,0.02,220115.16,1445232.0,5.108,Assam,24.320745517913128,91.57856247273207,24.25_91.5,0.10572128653480595,good
A622,105880,95.292,0.0,19579.33,1764700.0,0.36,Assam,24.42698779016077,91.1816837772321,24.25_91.25,0.1897150077333538,good
A623,23016,20.714,1.13,18623.84,1660459.0,0.375,Assam,24.785793783551537,92.63374926379717,24.75_92.75,0.12163646085213947,good
A624,52481,47.233,4.48,5586.05,887250.0,0.213,Assam,24.735595580622828,92.41905458906822,24.75_92.5,0.08221707151502937,good
A626,107540,96.786,0.01,18234.04,482639.0,1.385,Assam,24.382060832661747,91.81242582346621,24.5_91.75,0.13344148765610855,good
A627,128558,115.702,0.0,111585.02,2289109.0,1.639,Assam,24.463549059568443,91.7988608708391,24.5_91.75,0.060959459950862466,good
A628,131092,117.983,0.01,40486.44,838420.94,1.719,Assam,24.5112066780073,91.22087096805636,24.25_91.25,0.2628258532518893,good
A629,46962,42.266,4.05,13253.94,1861913.9,0.238,Assam,24.826713613607218,92.60121996981012,24.75_92.5,0.12700575105497616,good
A630,196016,176.414,0.0,65383.74,2547459.0,0.878,Assam,24.488350334496502,91.1185122033689,24.25_91.25,0.2722130096404239,good
A631,37818,34.036,0.03,52578.06,528653.0,3.255,Assam,24.532580238099435,90.88025549268133,24.25_91.25,0.4653628602033688,low_confidence
A632,7749,6.974,0.42,37043.97,1913919.0,0.645,Assam,24.767588326809193,92.387546206679,24.75_92.5,0.11382093336565134,good
A633,197395,177.656,0.0,12241.01,664102.0,0.578,Assam,24.574821799775407,91.92170306857936,24.5_92.0,0.10829917447293495,good
A634,526798,474.118,0.0,23905.02,1157573.0,0.825,Assam,24.51118573227098,91.61727709356022,24.5_91.75,0.13319343264688763,good
A635,67307,60.576,3.15,954.55,202506.0,0.172,Assam,24.709097415160713,92.74061246725205,24.75_92.75,0.041966024563078866,good
A636,38998,35.098,1.46,2334.54,433142.0,0.182,Assam,24.748558907579305,94.81274752693871,24.75_94.5,0.31275084708701056,low_confidence
A637,87449,78.704,0.01,17943.95,271491.0,2.35,Assam,24.431728947411887,90.9387653946872,24.25_91.25,0.36040586825362597,low_confidence
A639,52590,47.331,2.7,106962.05,6972611.0,0.513,Assam,24.87590603410027,92.53377409625827,25.0_92.5,0.12860793891041816,good
A641,148329,133.496,3.53,13754.27,2099208.0,0.224,Assam,24.802165263629423,92.73962822696693,24.75_92.75,0.0531863554436354,good
A642,16644,14.98,2.36,30923.31,1748373.0,0.591,Assam,24.743267577238377,92.78579730099602,24.75_92.75,0.03642488537855822,good
A643,20858,18.772,0.29,13013.12,693852.0,0.633,Assam,24.764771377355878,94.87165024610862,24.75_94.5,0.3719436772168387,low_confidence
A644,12355,11.12,0.0,8879.39,366980.0,0.82,Assam,24.053337357794863,90.9285403120644,24.0_91.25,0.3258545760062165,low_confidence
A645,26358,23.722,0.0,50091.4,399998.0,4.291,Assam,24.54513953174663,91.93115448820093,24.5_92.0,0.08232424807540502,good
A646,24174,21.757,0.01,97198.12,766839.06,4.284,Assam,24.456927863269076,91.90628751735106,24.5_92.0,0.10313698835430087,good
A647,40357,36.321,0.02,174140.7,3749582.0,1.54,Assam,24.446368232965227,90.48012968285828,24.25_91.25,0.7945192182280953,low_confidence
A648,170799,153.719,1.06,28062.21,2458692.0,0.392,Assam,24.775054097051047,92.04273729809763,24.75_92.25,0.20877149081929783,good
A649,191421,172.279,1.04,16837.76,2199137.0,0.264,Assam,24.84436184582093,92.32930040329954,24.75_92.25,0.12325871940841751,good
A651,8331,7.498,11.35,4304.79,524398.0,0.272,Assam,24.709184705050745,93.09754191173529,24.75_93.0,0.10573699847626666,good
A652,70938,63.844,0.04,80144.6,6585153.5,0.398,Assam,24.448254739663117,91.47769326344445,24.25_91.5,0.19950571995471444,good
A653,122030,109.827,0.0,17799.31,527022.0,1.232,Assam,24.423486096315113,91.65276569286242,24.5_91.75,0.12372909092701706,good
A654,34223,30.801,11.04,33831.66,1600073.0,0.71,Assam,24.75320416419107,93.02876097783492,24.75_93.0,0.02893891003794279,good
A655,15949,14.354,3.37,50275.84,4824181.0,0.347,Assam,24.80873462982702,92.65141652907532,24.75_92.75,0.11475389963079315,good
A656,368590,331.731,0.02,110377.91,4020830.0,0.939,Assam,24.522172456749594,91.044882641357,24.25_91.25,0.3408092971586723,low_confidence
A657,17533,15.78,8.37,5634.04,462581.0,0.411,Assam,24.741199721794455,93.09081546227115,24.75_93.0,0.09124085205662011,good
A658,117685,105.916,0.01,36701.42,1168048.0,1.073,Assam,24.47445799757356,91.88428500988987,24.5_92.0,0.1185004338563405,good
A660,311226,280.103,11.02,32153.24,1145498.0,1.001,Assam,24.92663499354167,94.52051084349566,25.0_94.5,0.0761782047145663,good
A661,59919,53.927,1.06,10359.57,2383924.0,0.144,Assam,24.814504469923286,92.18291516695687,24.75_92.25,0.09306557615202342,good
A662,107442,96.698,0.01,56122.02,9784600.0,0.189,Assam,24.76696688549274,90.0659116443187,25.25_90.25,0.5169231204038263,low_confidence
A663,223080,200.772,0.01,21512.09,1042996.0,0.664,Assam,24.601739698513736,90.28844398496803,25.25_90.25,0.6493992288748761,low_confidence
A664,239516,215.564,0.98,327843.66,52829490.0,0.207,Assam,24.919993626034724,92.07843185261574,25.0_92.25,0.18930570269260233,good
A665,24383,21.945,0.29,834526.75,50131276.0,0.555,Assam,24.871410545598707,92.14871856302433,24.75_92.25,0.15810898158685324,good
A668,23199,20.879,0.02,123874.92,992404.94,4.187,Assam,24.410105356552723,91.89167501233291,24.5_92.0,0.1407670056284073,good
A669,48405,43.564,1.88,2847.1,300884.0,0.33,Assam,24.800146283097476,92.8777705471198,24.75_93.0,0.1321161945405881,good
A670,5801,5.221,3.06,111860.17,2370523.0,1.574,Assam,24.842234480645097,92.7895479706564,24.75_92.75,0.1003555748471912,good
A671,62002,55.802,5.15,3759.46,315464.0,0.422,Assam,24.818599350737788,93.0081247916734,24.75_93.0,0.06907881847123716,good
A672,8408,7.567,0.0,1524.45,137261.0,0.032,Assam,24.587272042499205,90.27835474151603,25.25_90.25,0.663334257384327,low_confidence
A673,47326,42.593,0.0,18599.28,293306.0,2.273,Assam,24.358592475594808,91.66618150347237,24.25_91.75,0.13717822755802297,good
A675,10624,9.562,10.06,2995.16,183842.0,0.543,Assam,24.8512937688253,93.07127298255523,24.75_93.0,0.12385582604444305,good
A676,159173,143.256,0.01,10725.36,505926.0,0.69,Assam,24.527352789452706,90.75162218676115,24.25_91.25,0.5703551652662855,low_confidence
A677,21759,19.583,0.02,180333.8,1365212.0,4.44,Assam,24.59842601528869,91.5809268195536,24.5_91.75,0.19563593951999672,good
A678,141583,127.425,0.01,162751.5,3354594.0,1.633,Assam,24.48697640057226,91.05649397448062,24.25_91.25,0.30594508713246643,low_confidence
A679,27966,25.169,1.22,3278.14,230112.0,0.493,Assam,24.86774884383418,92.65255664616559,24.75_92.75,0.15283977699140758,good
A680,25624,23.062,0.04,397112.2,2948657.0,4.51,Assam,24.458276247094737,91.74034515168071,24.5_91.75,0.0428262495739219,good
A681,10951,9.856,0.04,334307.88,1082751.0,10.346,Assam,24.462591417323633,90.91372140037947,24.25_91.25,0.39784218891718137,low_confidence
A682,57116,51.404,5.52,3216.75,394794.0,0.281,Assam,24.804720724295972,93.11544693644902,24.75_93.0,0.12775896368920445,good
A683,57275,51.548,2.57,32234.2,1972812.0,0.55,Assam,24.773206178767154,92.87988233667977,24.75_93.0,0.12233879096380307,good
A684,21190,19.071,2.3,44504.01,2294886.0,0.648,Assam,24.82256779927639,92.82798337790362,24.75_92.75,0.1065246108703391,good
A685,23337,21.003,2.53,1361.81,154382.0,0.291,Assam,24.897692184085358,92.76197664176583,25.0_92.75,0.10300645195914317,good
A686,89339,80.405,1.66,63304.36,7195736.5,0.294,Assam,24.97387982851834,92.45161527689164,25.0_92.5,0.054984950563801226,good
A687,136923,123.231,0.01,52243.22,891324.94,2.058,Assam,24.487005904372854,91.38651836961083,24.25_91.5,0.26277343690597693,good
A689,22520,20.268,2.02,72506.81,2617057.0,0.927,Assam,24.887781095816063,92.71600608101441,25.0_92.75,0.11725471838797054,good
A691,141997,127.797,0.38,297309.28,47528852.0,0.209,Assam,24.94296980257016,92.2575836656956,25.0_92.25,0.057532211884031556,good
A692,46898,42.208,0.01,84463.74,624663.0,4.632,Assam,24.498361882288275,90.73555323965486,24.25_91.25,0.5712609682127622,low_confidence
A693,91161,82.045,0.02,99279.97,947815.06,3.638,Assam,24.507988458149136,90.71309738935632,24.25_91.25,0.5956697556987147,low_confidence
A695,186227,167.604,0.02,67731.74,1883185.0,1.24,Assam,24.539459570846333,91.59352418165882,24.5_91.75,0.16137453162416363,good
A696,5736,5.162,0.0,130347.54,1288334.0,3.353,Assam,24.33779676119634,91.5874959321246,24.25_91.5,0.12395083466810256,good
A697,6145,5.53,0.0,3179.33,3233603.8,0.022,Assam,24.668773845041134,91.7042336588012,24.5_91.75,0.17486900456253981,good
A698,78083,70.275,0.01,66850.71,1500725.0,1.481,Assam,24.5403668745651,90.66791677516945,24.25_91.25,0.6504873576587341,low_confidence
A699,24203,21.783,0.01,768496.2,7639804.0,3.355,Assam,24.426171629320514,91.37053315245585,24.25_91.25,0.2134588574371874,good
A700,209104,188.194,0.01,71110.29,2140162.0,1.129,Assam,24.49454575766657,90.83785333295076,24.25_91.25,0.47923637461331825,low_confidence
A701,11021,9.919,0.04,486201.53,1886781.0,8.614,Assam,24.444069428061578,91.1624576817994,24.25_91.25,0.21290044712044148,good
A703,43151,38.836,0.01,58199.6,1324125.0,1.458,Assam,24.227097646764975,90.24860585823942,24.25_91.25,1.0016560012979108,low_confidence
A704,34774,31.297,0.01,450822.62,5444115.0,2.767,Assam,24.21809575960328,91.54350622751353,24.25_91.5,0.05395064770464715,good
A705,9498,8.548,0.0,598029.7,7541952.0,2.643,Assam,24.41326682810416,91.3757441040219,24.25_91.5,0.20517208592913505,good
A706,281660,253.494,0.03,179885.77,8580395.0,0.705,Assam,24.772172188493613,91.73714952030423,24.5_91.75,0.27247538424197926,good
A707,68556,61.7,0.01,5934.82,4946508.0,0.026,Assam,24.464884198481695,90.40846347835671,25.25_90.5,0.7904339039972184,low_confidence
A708,308777,277.899,0.01,264971.0,7999772.0,1.116,Assam,24.386535603904004,91.40499945124007,24.25_91.5,0.16633422798125003,good
A709,13895,12.506,0.01,2402381.5,9595030.0,8.346,Assam,24.495019671344608,90.02922174243334,25.25_90.25,0.7865992217583085,low_confidence
A710,48256,43.43,0.0,153477.4,2197623.0,2.353,Assam,24.52207216028404,90.60131403348807,24.25_91.25,0.7034321172303312,low_confidence
A711,47698,42.928,0.05,459230.28,8849685.0,1.728,Assam,24.3641342579004,91.3552236175754,24.25_91.25,0.15523736187570938,good
A712,131181,118.063,0.01,84077.79,3079722.0,0.91,Assam,24.486606378887863,91.07714357770308,24.25_91.25,0.2930220491016286,good
A713,25183,22.665,0.02,321566.16,2285320.0,4.713,Assam,24.33209814160346,90.83624057454986,24.25_91.25,0.4218257543151794,low_confidence
A714,274919,247.427,0.0,61402.85,2577598.0,0.831,Assam,24.4882980330368,90.59407850736642,24.25_91.25,0.6978674351536058,low_confidence
A715,308251,277.426,0.02,205126.6,5430499.0,1.282,Assam,24.410891229874355,90.39013392675305,25.25_90.5,0.8462706908268037,low_confidence
A716,71650,64.485,0.08,336546.97,12942164.0,0.865,Assam,24.326182612235403,91.1520335892068,24.25_91.25,0.12410160373948766,good
A717,106107,95.496,0.01,92724.25,2819825.0,1.085,Assam,24.55379646907786,90.56657353740407,25.25_90.5,0.6993792907649945,low_confidence
A718,117955,106.16,0.02,254163.62,4431016.0,1.917,Assam,24.47114952500718,90.44590712088886,25.25_90.5,0.7807266499659606,low_confidence
A719,696496,626.846,0.01,241845.81,9169423.0,0.899,Assam,24.40609926091942,90.15187105764666,25.25_90.25,0.8495868094245206,low_confidence
A720,104376,93.938,0.06,1040050.75,25914590.0,1.34,Assam,24.994595213459032,90.59080236090885,25.25_90.5,0.271065810707767,good
A721,24812,22.331,0.01,420129.8,16025614.0,0.875,Assam,24.992647721980404,90.0981822415677,25.25_90.25,0.2987956271053576,good
A722,10947,9.852,0.04,24104.92,1622351.0,0.463,Assam,24.48954723770084,90.86973369162531,24.25_91.25,0.4494277966203415,low_confidence
A724,80969,72.872,1.48,613343.3,52985076.0,0.386,Assam,25.006093566673663,92.00349629007536,25.25_92.0,0.24393149091961489,good
A725,74690,67.221,0.21,917044.75,80604820.0,0.379,Assam,25.028294331384537,91.26324213043543,25.25_91.25,0.22210078233698016,good
A726,31279,28.151,0.32,756548.75,53306320.0,0.473,Assam,25.046120799897693,91.84034107903422,25.25_91.75,0.22299829325674955,good
A728,51362,46.226,0.0,39653.18,419621.0,3.297,Assam,25.227430363563204,94.7797731245322,25.25_94.5,0.28068200815050137,good
A729,30519,27.467,0.0,2070.13,604881.0,0.023,Assam,25.468641720458294,92.32673067051127,25.5_92.25,0.08289111829939602,good
A730,58455,52.61,0.0,732956.56,12296032.0,1.991,Assam,25.514100105494254,93.77638363793612,25.5_93.75,0.02991503511101757,good
A731,51335,46.202,0.0,8403.34,314713.0,0.89,Assam,25.62478503944677,92.85013168944732,25.5_92.75,0.15999269139966138,good
A733,80982,72.884,0.24,811998.9,81805624.0,0.331,Assam,25.030937283045066,91.04225765190618,25.25_91.0,0.2231012844075569,good
A734,20568,18.511,0.0,59440.41,1148772.0,1.736,Assam,25.100340591101602,94.89217438631748,25.0_94.5,0.4048073412206227,low_confidence
A735,18469,16.622,0.0,176072.0,904651.06,6.476,Assam,25.48550688541159,94.7617354455815,25.5_94.5,0.2621364031267227,good
A736,7033,6.33,0.04,2976782.8,5942715.0,16.707,Assam,25.50298213185459,93.12124212047965,25.5_93.0,0.12127878993789516,good
A737,50169,45.152,0.04,19114.4,241833.0,2.62,Assam,25.47293728309425,92.51286323338229,25.5_92.5,0.029964202298209657,good
A738,49079,44.171,0.0,16847.16,341963.0,1.713,Assam,25.27322808352067,92.48167780517126,25.25_92.5,0.02958456839951544,good
A739,171541,154.387,0.01,20548.32,537249.0,1.392,Assam,25.51562505303235,93.13743731009562,25.5_93.25,0.11364198801839566,good
A740,82940,74.646,0.01,15327.24,235328.0,2.584,Assam,25.51748958751976,93.48451452857488,25.5_93.5,0.023359912175981955,good
A741,11290,10.161,0.03,50092.22,193888.0,8.854,Assam,25.445574475937406,94.70438123708297,25.5_94.5,0.21150372985139806,good
A743,11009,9.908,0.02,10706.38,697776.94,0.439,Assam,25.480421271484946,93.4088419071265,25.5_93.5,0.09323692673291886,good
A744,247872,223.085,0.0,13574.7,397171.0,1.171,Assam,25.504245620947728,93.566668468672,25.5_93.5,0.06680351796351774,good
A746,321727,289.554,0.0,68703.9,2056947.0,1.135,Assam,25.49778188236196,94.46356577764516,25.5_94.5,0.03650167947448791,good
A747,184544,166.09,0.0,9955.89,349319.0,1.223,Assam,25.429528602332717,94.15473163280544,25.5_94.25,0.11850012521975917,good
A748,26208,23.587,0.55,743806.2,54615536.0,0.454,Assam,25.01364623609415,91.36023302893095,25.25_91.25,0.2607957483927868,good
A749,39695,35.726,0.0,2320.7,481357.0,0.047,Assam,25.489916747141397,93.8306812850765,25.5_93.75,0.08130892786038353,good
A750,7074,6.367,0.07,170216.22,345666.0,16.582,Assam,25.49989927905004,93.95735082304527,25.5_94.0,0.04264929588662921,good
A751,84609,76.148,0.01,12080.46,244721.0,1.877,Assam,25.53983978917399,94.7791321418394,25.75_94.75,0.21216973371002795,good
A752,34690,31.221,0.0,2949.68,430563.0,0.095,Assam,25.517951699176834,93.94053451202717,25.5_94.0,0.062116082967153326,good
A753,102116,91.904,0.01,812421.44,12043452.0,2.254,Assam,25.401832858383276,93.89085418108382,25.5_94.0,0.1467978115643435,good
A754,18773,16.896,0.0,12682.24,438874.0,0.964,Assam,25.209830030717875,93.3374753783507,25.25_93.25,0.09625782175867874,good
A755,130946,117.851,0.0,32020.71,1245328.0,0.842,Assam,25.547822781485834,94.51921045061833,25.5_94.5,0.05153697548363893,good
A756,19701,17.731,0.0,952670.75,9110069.0,3.489,Assam,25.202233205872233,93.89999739155937,25.25_94.0,0.11082503469963387,good
A757,31493,28.344,0.01,55627.65,511133.0,3.715,Assam,25.579342252422936,93.55575420640213,25.5_93.5,0.09697280315158475,good
A758,17801,16.021,0.0,484472.47,2541464.0,6.374,Assam,25.421418147544767,94.38181420831539,25.5_94.5,0.14192599794052552,good
A760,60085,54.076,0.0,30973.05,571431.0,1.85,Assam,25.324393008053406,94.13522120976765,25.25_94.25,0.1367789835261101,good
A761,141906,127.715,0.01,27061.94,533950.0,1.659,Assam,25.488298188785375,94.68203178121041,25.5_94.5,0.18240751562459837,good
A762,205191,184.672,0.01,38443.56,757422.0,1.82,Assam,25.521047629606887,92.46304941764286,25.5_92.5,0.042524678112834474,good
A763,30737,27.663,0.19,339665.03,54076930.0,0.209,Assam,25.07561426149447,91.58852892641153,25.25_91.5,0.19557033672235977,good
A764,34251,30.826,0.01,42926.3,434449.0,3.32,Assam,25.523755137725093,94.30708374289154,25.5_94.25,0.06182928327940619,good
A765,117359,105.623,0.0,13153.82,362593.0,1.268,Assam,25.48991694288465,92.25993596807896,25.5_92.25,0.014155970558656913,good
A766,32616,29.354,0.13,2312.95,210542.0,0.384,Assam,25.04652174801733,91.90727342408634,25.25_92.0,0.22361041324275227,good
A767,11938,10.744,0.01,1402305.6,81666880.0,0.572,Assam,25.04276411924573,91.12258997877926,25.25_91.0,0.24078000990343193,good
A768,106748,96.073,0.01,451738.25,7071786.0,2.143,Assam,25.269702789123293,93.01561528605272,25.25_93.0,0.025140347208129184,good
A769,88593,79.734,0.01,13557.49,296595.0,1.342,Assam,25.47557434936545,94.8064536670191,25.75_94.75,0.28017218678180783,good
A770,6959,6.263,0.0,762.89,312009.0,0.057,Assam,25.006387890980502,92.47385032970894,25.0_92.5,0.02691858851258786,good
A771,81399,73.259,0.0,6151.55,912132.0,0.174,Assam,25.466130347629168,94.93394357834045,25.75_95.0,0.29145399359007207,good
A772,53336,48.002,0.42,848.77,202901.0,0.13,Assam,25.088557837733113,91.70461515465894,25.25_91.75,0.16770019661300334,good
A773,14656,13.19,1.06,1749140.6,85743670.0,0.68,Assam,25.083766015435465,90.07353152671641,25.25_90.25,0.24243526906628857,good
A774,122736,110.462,1.55,3171.69,751012.0,0.143,Assam,25.120235451158038,90.34407197833833,25.25_90.25,0.1602759347021441,good
A775,27088,24.379,0.01,5304.87,371720.0,0.487,Assam,25.093655472698035,90.90261907691803,25.25_91.0,0.18419189829515173,good
A776,7778,7.0,0.24,2891.65,136890.0,0.716,Assam,25.10637592497357,91.48183862603926,25.25_91.5,0.1447677810541401,good
A778,96960,87.264,0.58,138760.36,32776786.0,0.14,Assam,25.43134152686102,92.56393524248259,25.5_92.5,0.09381738199866423,good
A779,121684,109.516,0.01,306447.9,5298265.0,1.936,Assam,25.47052415591934,93.18125213211634,25.5_93.25,0.0748003657933328,good
A780,73276,65.948,0.07,604955.4,54494204.0,0.37,Assam,25.057744156795312,91.42989899679144,25.25_91.5,0.2046373863622981,good
A781,32284,29.056,0.01,9053.31,228168.0,1.322,Assam,25.277579803893225,94.48732944767963,25.25_94.5,0.030351086947456307,good
A782,518730,466.857,0.01,20311.46,1171574.0,0.679,Assam,25.502110337319564,94.11296252492734,25.5_94.0,0.1129822356017189,good
A784,432320,389.088,0.01,61370.93,1647475.0,1.366,Assam,25.501524310053252,92.18238795529547,25.5_92.25,0.06762922526738045,good
A785,14754,13.279,0.03,394528.28,1625638.1,8.104,Assam,25.294869376289668,93.61216831970238,25.25_93.5,0.12080973832220027,good
A786,114339,102.905,0.39,292038.25,53695164.0,0.181,Assam,25.031043228178195,91.75436145050149,25.25_91.75,0.21900020588369995,good
A787,20361,18.325,0.35,499161.3,53215984.0,0.313,Assam,25.023989435140162,91.88448598628096,25.25_92.0,0.2538193507078301,good
A788,65852,59.267,0.63,681381.5,53963916.0,0.421,Assam,25.02303840430055,91.61870456140707,25.25_91.5,0.25612953523810117,good
A789,30901,27.811,0.02,1078.49,141136.0,0.242,Assam,25.119232288419287,90.94254149452193,25.25_91.0,0.14283442947633326,good
A791,95451,85.906,2.15,1742.0,286922.0,0.213,Assam,25.128698581820338,90.80938448057701,25.25_90.75,0.1350575824816899,good
A792,24412,21.971,0.58,7114.25,535528.0,0.451,Assam,25.11286369863637,90.30531949223516,25.25_90.25,0.14787363312251323,good
A793,6983,6.285,0.08,2363.97,166789.0,0.468,Assam,25.08774412462011,91.57722735373208,25.25_91.5,0.17969705968589267,good
A794,7609,6.848,0.04,943423.06,83473200.0,0.377,Assam,25.048592091236983,90.58642335100247,25.25_90.5,0.21916692567718116,good
A795,16242,14.618,0.03,427286.1,1934118.1,7.374,Assam,25.288108436290003,94.85171494684563,25.25_94.5,0.3537734539943539,low_confidence
A796,131423,118.281,0.01,7393.57,263418.0,0.86,Assam,25.592400362020175,93.02485358980798,25.5_93.0,0.095684522404632,good
A797,28410,25.569,0.0,6421.25,438039.0,0.495,Assam,25.106722984864483,91.14985857874771,25.25_91.25,0.17480448311348193,good
A798,45828,41.245,0.0,25331.84,727168.94,1.196,Assam,25.16760151484294,92.85329983246535,25.25_92.75,0.13213767722927638,good
A799,26785,24.106,1.5,861723.06,86131320.0,0.334,Assam,25.08163142720843,90.01847045402693,25.25_90.25,0.28627592801765384,good
A800,31748,28.573,0.06,754619.8,53488304.0,0.47,Assam,25.088176306818976,91.81707395391486,25.25_91.75,0.17517369371146593,good
A801,45634,41.071,0.03,6935.06,558490.0,0.423,Assam,25.06445568727995,90.96580074311065,25.25_91.0,0.18866976746299313,good
A802,8584,7.726,0.0,86696.22,1195062.0,2.423,Assam,25.047864114114113,93.24032628533706,25.0_93.25,0.04883189710945834,good
A803,40318,36.286,0.19,424015.0,54284036.0,0.26,Assam,25.083167347366214,91.53051914364138,25.25_91.5,0.1696011559908397,good
A804,192796,173.516,0.0,27339.04,1162078.0,0.807,Assam,25.55256339314324,92.20988209183686,25.5_92.25,0.06612379945312505,good
A805,47756,42.98,0.21,5569.14,960028.94,0.19,Assam,25.05255338479865,90.38853367465171,25.25_90.5,0.2267375300675227,good
A806,87076,78.368,0.23,1074.51,250974.0,0.141,Assam,25.12207434693065,91.28936206430143,25.25_91.25,0.13384447997317533,good
A807,6519,5.867,0.0,1101427.6,81594740.0,0.45,Assam,25.069423480083856,91.12850092038657,25.25_91.25,0.21764628618916504,good
A808,77785,70.006,0.01,4672.22,526682.0,0.318,Assam,25.072198413718723,91.22311896752444,25.25_91.25,0.1798221176359855,good
A809,106410,95.769,0.0,3603.38,443702.0,0.174,Assam,25.47778443442032,94.58435553258361,25.5_94.5,0.08723180172099113,good
A810,105005,94.504,0.0,22812.3,924432.0,0.821,Assam,25.576374601209466,94.54414451957315,25.5_94.5,0.08821461510571421,good
A811,301445,271.3,0.0,731904.5,32328714.0,0.757,Assam,25.49050628362277,92.60226501701987,25.5_92.5,0.10270474359408366,good
A812,379720,341.748,0.23,527871.0,82743830.0,0.213,Assam,25.045040291384293,90.7921123810527,25.25_90.75,0.20924133146623702,good
A814,7210,6.489,0.03,16379514.0,32835468.0,16.63,Assam,25.499711858529817,92.55092048081369,25.5_92.5,0.050921296053850804,good
A815,34075,30.668,0.0,35927.94,500087.0,2.478,Assam,25.342560846172656,92.47698605200947,25.25_92.5,0.09537899164024094,good
A816,211604,190.444,0.01,582072.3,10811889.0,1.805,Assam,25.444332308883048,93.8873846101943,25.5_94.0,0.12562291930767025,good
A817,18674,16.807,0.0,751818.3,81150180.0,0.309,Assam,25.066227196458534,91.15177828948151,25.25_91.25,0.20837453716485524,good
A818,60780,54.702,0.0,80991.15,2026248.0,1.346,Assam,25.437222117107233,93.20528859548098,25.5_93.25,0.07707251309358935,good
A819,200648,180.583,0.0,7665.05,342485.0,0.828,Assam,25.34772250131795,92.91032798455228,25.25_93.0,0.13263015350323806,good
A820,320126,288.113,0.0,32635.07,1557904.0,0.745,Assam,25.473745356862956,93.62988404218618,25.5_93.75,0.12295181823700557,good
A821,45793,41.214,2.17,5508.88,458789.0,0.416,Assam,25.169160479403693,90.2467084124939,25.25_90.25,0.08090650553911584,good
A822,52242,47.018,8.83,3470.47,334227.0,0.365,Assam,25.235783229968224,90.26200205560448,25.25_90.25,0.018605533823825873,good
A823,25375,22.838,0.01,33237.6,269251.0,4.294,Assam,25.48004192665572,93.25778965517242,25.5_93.25,0.02142436508559467,good
A824,59460,53.514,0.01,352293.88,6966230.0,1.688,Assam,25.700412625668047,94.07405005699444,25.75_94.0,0.08911968712925686,good
A825,73851,66.466,5.78,5704.79,572243.0,0.347,Assam,25.14191169456819,90.65803500366354,25.25_90.75,0.14191773082418185,good
A826,333861,300.475,0.0,37928.26,1866244.0,0.716,Assam,25.455054645163372,94.87072492660785,25.75_94.75,0.31869620368648083,low_confidence
A827,388940,350.046,0.0,19480.56,883680.0,0.839,Assam,25.481886674179965,93.31769544859819,25.5_93.25,0.07007686018346208,good
A828,114863,103.377,13.42,1788.7,327433.0,0.196,Assam,25.264858171618943,90.6820091108538,25.25_90.75,0.06959544719842743,good
A829,152942,137.648,0.0,12762.92,375253.0,1.423,Assam,25.485375058664214,93.84052412933589,25.5_93.75,0.09169791110541223,good
A831,127145,114.43,0.01,87131.33,1117453.0,2.684,Assam,25.506214877152505,93.28958443990021,25.5_93.25,0.040069347140102955,good
A832,139807,125.826,6.22,1876.67,280101.0,0.273,Assam,25.217656795518902,90.09176427145995,25.25_90.25,0.16150736411292896,good
A833,131370,118.233,0.4,436654.1,84006020.0,0.173,Assam,25.043521910126614,90.53065004482674,25.25_90.5,0.20874057307012292,good
A834,10920,9.828,0.01,407363.56,2076852.0,6.545,Assam,25.29390577940578,92.76907298026049,25.25_92.75,0.04786957323024707,good
A836,50006,45.005,0.01,44404.72,614454.0,2.357,Assam,25.50672095459656,93.54839678683003,25.5_93.5,0.0488612341858036,good
A837,67466,60.719,0.98,306088.06,85665850.0,0.119,Assam,25.05357654637562,90.07600028574065,25.25_90.25,0.2624082195665091,good
A838,13334,12.001,0.01,2689014.5,11306580.0,7.927,Assam,25.483294189457194,93.82815825875373,25.5_93.75,0.07992369809579247,good
A840,228149,205.334,5.71,199899.1,4921116.0,1.38,Assam,25.564542943670826,92.14795867320626,25.5_92.25,0.12074031618114141,good
A841,37666,33.899,10.35,2406.18,225943.0,0.381,Assam,25.306074768284983,90.27859162699045,25.25_90.25,0.06294331395927147,good
A842,48797,43.917,0.04,155815.42,31160360.0,0.165,Assam,25.448914214899368,92.6829972072509,25.5_92.75,0.08425634501641963,good
A843,229066,206.159,0.0,5547.65,396505.0,0.547,Assam,25.45902809306779,92.34419939740803,25.5_92.25,0.10272401681057004,good
A844,253061,227.755,0.72,640506.75,85284536.0,0.251,Assam,25.03273775119657,90.29632357964637,25.25_90.25,0.22214580524146008,good
A845,60472,54.425,0.0,24509.5,245512.0,3.545,Assam,25.286017766716643,94.98105535987271,25.75_95.0,0.46436883206365576,low_confidence
A846,32704,29.434,0.02,41042.91,380502.0,3.631,Assam,25.58259933375462,94.44518574860024,25.5_94.5,0.09913249766460634,good
A847,98948,89.053,0.02,56870.5,1085170.0,1.8,Assam,25.510940011139407,92.10418832787593,25.5_92.0,0.10476111639970698,good
A848,194871,175.384,0.01,203088.36,5126447.0,1.331,Assam,25.430050333867587,93.22453730787149,25.5_93.25,0.07443993875915982,good
A849,34475,31.028,0.01,18749.44,1547112.0,0.372,Assam,25.467528643944885,94.08767597292724,25.5_94.0,0.09349580307584307,good
A850,237984,214.186,0.0,16907.32,771972.94,0.757,Assam,25.503265705070742,94.94871351061883,25.75_95.0,0.2520081671043279,good
A851,148338,133.504,0.01,64041.65,1972982.1,1.1,Assam,25.384952595124346,92.78357710281774,25.5_92.75,0.11984709926508842,good
A852,38683,34.815,0.0,88757.03,1535712.0,1.949,Assam,25.207871976492687,92.81033641680095,25.25_92.75,0.07358840640352786,good
A853,125140,112.626,0.01,16823.04,342697.0,1.832,Assam,25.419114176566687,93.675524343846,25.5_93.75,0.10995062433680344,good
A854,102961,92.665,0.0,14864.66,565230.0,0.892,Assam,25.59358311777167,92.24218248495386,25.5_92.25,0.09390907024011393,good
A855,326685,294.016,0.01,11642.04,671343.06,0.754,Assam,25.494040973890918,93.06267661168677,25.5_93.0,0.06295925384486929,good
A856,18414,16.573,0.05,1013676.4,83334490.0,0.405,Assam,25.036728938126785,90.60581093189964,25.25_90.5,0.23807666652151965,good
A857,36820,33.138,0.0,18753.43,459133.0,1.416,Assam,25.201506540829257,93.66171109451386,25.25_93.75,0.10073006708170462,good
A858,111168,100.051,10.54,988.88,226206.0,0.147,Assam,25.509625996489795,90.0992388422128,25.5_90.0,0.0997046017601912,good
A859,320740,288.666,0.01,31339.48,673132.94,1.922,Assam,25.497704846604726,93.00094310812497,25.5_93.0,0.002481366970688331,good
A861,14613,13.152,7.56,5302.0,342208.0,0.522,Assam,25.582599359778584,90.02439120037714,25.5_90.0,0.08612540212776754,good
A862,112141,100.927,0.01,16382.25,338273.0,1.713,Assam,25.60207698839457,94.3853115423143,25.5_94.5,0.15353551343591443,good
A863,38888,34.999,0.0,14724.33,523473.0,0.915,Assam,25.389881254428673,92.32855055972709,25.5_92.25,0.13526392186995778,good
A864,36420,32.778,0.0,12636.9,394860.0,1.01,Assam,25.543152388797363,92.05162807370797,25.5_92.0,0.06728734393416635,good
A865,138638,124.774,0.02,28789.4,511019.0,2.096,Assam,25.519574024517887,93.70231782291532,25.5_93.75,0.05154350053461373,good
A866,155738,140.164,0.0,22428.33,629914.0,1.213,Assam,25.48247372010827,92.88673057742277,25.5_93.0,0.11461733105347957,good
A867,11020,9.918,0.0,29458.06,527051.0,1.818,Assam,25.35185009578544,93.65644676346038,25.25_93.75,0.13829551720334798,good
A868,170752,153.677,0.01,26629.71,525907.0,1.85,Assam,25.47665187425818,93.50071861042136,25.5_93.5,0.02335918184769067,good
A869,148467,133.62,0.01,186625.8,3559195.0,1.761,Assam,25.527580975720007,94.34958360368897,25.5_94.25,0.10333249414075617,good
A870,104939,94.445,0.0,37004.26,1143009.0,1.074,Assam,25.40899108317954,93.65078453778969,25.5_93.75,0.13463406286092264,good
A872,298102,268.292,0.0,29532.86,1412134.1,0.725,Assam,25.437859271136873,92.83210297985254,25.5_92.75,0.10296780799991152,good
A873,213841,192.457,0.08,1068443.0,30973294.0,1.152,Assam,25.407818867497085,92.70369698748135,25.5_92.75,0.10315682312780977,good
A874,53731,48.358,0.01,21490.79,337140.0,2.17,Assam,25.428233856308896,94.69375518788037,25.5_94.5,0.20661909933704029,good
A875,14845,13.36,0.01,69788.35,436081.0,5.382,Assam,25.361248025897233,94.0111700348041,25.25_94.0,0.11180739216865779,good
A876,45160,40.644,0.01,72437.65,1304936.0,1.833,Assam,25.537754373339236,94.1888643895778,25.5_94.25,0.07185370949320048,good
A877,145317,130.785,0.0,55074.88,1769259.0,1.049,Assam,25.47128370504942,92.79766383913177,25.5_92.75,0.05564590871275432,good
A878,94479,85.031,0.0,32099.72,719666.0,1.5,Assam,25.46146180044713,92.23137012222587,25.5_92.25,0.042804966658741686,good
A879,80116,72.104,0.0,168499.73,4617262.0,1.227,Assam,25.562407391227165,92.01136434461698,25.5_92.0,0.06343367251195424,good
A880,18576,16.718,0.0,20456.41,403301.0,1.719,Assam,25.11233047121734,94.96103715068428,25.0_94.5,0.4745243819604914,low_confidence
A881,6883,6.195,0.0,129891.85,262727.0,16.698,Assam,25.505085234151775,93.42017046830355,25.5_93.5,0.07999133538860577,good
A882,101395,91.256,0.01,1654757.5,32602362.0,1.693,Assam,25.504070113582195,92.57324116628587,25.5_92.5,0.07335417004837656,good
A883,63899,57.509,0.01,9428.88,917023.06,0.261,Assam,25.479242354688214,92.22481780709488,25.5_92.25,0.03263468520455808,good
A884,7380,6.642,0.01,118080.09,761384.94,5.194,Assam,25.222785343270097,94.27848441734417,25.25_94.25,0.03939542577969617,good
A885,5380,4.842,0.06,579528.3,1161313.0,16.673,Assam,25.012361059479552,94.26513883725734,25.0_94.25,0.019544313366328163,good
A886,23991,21.592,0.0,222456.31,12379369.0,0.596,Assam,25.72391214992659,92.76633334722743,25.75_92.75,0.030779118783754878,good
A887,44141,39.727,0.0,93793.59,1416580.0,2.232,Assam,25.3876628241821,94.23092886683834,25.5_94.25,0.11394450048515427,good
A888,93153,83.838,0.0,3069.82,337865.0,0.163,Assam,25.47888361679769,92.1386541198053,25.5_92.25,0.11333051961356332,good
A889,39530,35.577,0.0,34515.05,2677981.0,0.409,Assam,25.450752972426006,92.17036165921805,25.5_92.25,0.09363511652887758,good
A890,222556,200.3,0.01,31301.28,1066551.0,1.032,Assam,25.457059095987823,94.27213591310851,25.5_94.25,0.04831066017485848,good
A891,354194,318.775,0.01,206045.45,8134729.0,0.853,Assam,25.407368461132098,94.05603875747943,25.5_94.0,0.10826331018804934,good
A892,77904,70.114,0.0,9996.46,204885.0,1.526,Assam,25.586949493393575,94.72608401936287,25.75_94.75,0.1647951511254113,good
A893,27481,24.733,0.0,42143.03,1190479.0,1.191,Assam,25.05668957138063,92.42090606034877,25.0_92.5,0.097311658052219,good
A894,48669,43.802,0.0,7047.94,294299.0,0.856,Assam,25.1905086457042,93.07705398257161,25.25_93.0,0.09734750878217141,good
A895,163924,147.532,0.0,30723.49,901392.0,1.238,Assam,25.50077334110116,92.97263849405823,25.5_93.0,0.027372432552848127,good
A896,26586,23.927,0.0,66456.85,2998565.0,0.735,Assam,25.231022896344776,94.37408859717311,25.25_94.25,0.12553131247434754,good
A897,102537,92.283,0.01,33935.11,504261.0,2.354,Assam,25.41399322520976,92.12612063341905,25.5_92.25,0.15080869595058646,good
A899,308426,277.583,0.01,48484.94,990976.0,1.77,Assam,25.49316189026433,92.30588796646342,25.5_92.25,0.056304747048299734,good
A900,118199,106.379,0.01,61450.72,1301194.0,1.615,Assam,25.65071975369222,94.24129196195494,25.75_94.25,0.09966141296172724,good
A901,49553,44.598,8.7,1073.19,210028.0,0.178,Assam,25.869018525619033,90.12367291923127,25.75_90.0,0.17164032274413904,good
A902,69404,62.464,0.01,101450.09,1076027.0,3.199,Assam,25.40448018125756,94.91948689716892,25.75_95.0,0.35477641532561777,low_confidence
A903,59213,53.292,2.05,2129.68,320082.0,0.231,Assam,25.906824566489714,90.05610662166904,26.0_90.0,0.10876403084174036,good
A904,55326,49.793,0.01,59130.42,1035956.94,1.949,Assam,25.47877103692457,94.53439881088659,25.5_94.5,0.040422111073879594,good
A905,59760,53.784,0.01,32084.5,514213.0,2.036,Assam,25.557650932433436,93.95942461047896,25.5_94.0,0.07049817192827466,good
A906,18294,16.465,0.0,175064.23,6836862.0,0.847,Assam,25.407783198498596,94.08410635545353,25.5_94.0,0.12481112733576544,good
A907,167329,150.596,0.0,22966.4,721756.0,1.157,Assam,25.347465145179722,94.56511184054568,25.25_94.5,0.11721350734514659,good
A908,144525,130.072,15.23,1244.9,269410.0,0.188,Assam,25.904431009629246,91.39181409214093,26.0_91.5,0.14435242491823902,good
A909,6584,5.926,0.13,5866846.5,11736982.0,16.667,Assam,25.011249999999997,94.26486111111112,25.0_94.25,0.01863907517708111,good
A910,21967,19.77,0.0,35420.44,1524455.0,0.778,Assam,25.058896905965007,92.4019691152891,25.0_92.5,0.1143630180147915,good
A911,105275,94.748,0.08,777665.8,11525513.0,2.256,Assam,25.68507709702103,94.29292392939128,25.75_94.25,0.07782960263038953,good
A912,272907,245.616,0.01,348327.25,7344454.0,1.603,Assam,25.497753971336593,94.05797676497855,25.5_94.0,0.058020254412874187,good
A914,93309,83.978,0.0,538980.5,12528570.0,1.434,Assam,25.504810605384023,92.75652806803203,25.5_92.75,0.008109105770154031,good
A915,19326,17.393,0.0,33299.5,426443.0,2.644,Assam,25.12074610196971,92.06029410581026,25.25_92.0,0.14262520587709157,good
A916,9597,8.637,0.01,131684.47,673939.06,6.554,Assam,25.17091646116263,94.77354682597571,25.25_94.5,0.2847491389213134,good
A917,81131,73.018,0.0,2875.84,445761.0,0.115,Assam,25.50570205045612,93.24594975341664,25.5_93.25,0.0069941315965709756,good
A918,50838,45.754,0.01,31796.61,872140.94,1.203,Assam,25.758149240944,92.04597616721526,25.75_92.0,0.046692805439047504,good
A919,82365,74.128,0.01,25623.34,634607.0,1.45,Assam,25.3952321037118,93.23196695940159,25.5_93.25,0.10630852574407813,good
A920,293857,264.471,0.06,749782.8,31536922.0,0.796,Assam,25.46827237586838,92.66338257780713,25.5_92.75,0.09224543327653532,good
A921,32337,29.103,0.01,197195.64,2633706.0,2.499,Assam,25.456065085402685,94.37901787769772,25.5_94.5,0.1287126669657545,good
A922,66597,59.937,0.0,114656.75,1423201.9,2.74,Assam,25.416401635542474,94.49775298520288,25.5_94.5,0.08362855741594367,good
A923,30244,27.22,0.01,120085.97,1681614.1,2.391,Assam,25.342392678437594,94.48436216917221,25.25_94.5,0.09370671684501138,good
A924,51137,46.023,0.0,31392.88,11888564.0,0.083,Assam,25.357002931124015,93.92831897647497,25.25_94.0,0.12879361941775944,good
A926,15158,13.642,0.0,189151.14,819228.94,7.695,Assam,25.479322433331866,94.65300814751286,25.5_94.5,0.15439901220096408,good
A927,49819,44.837,0.01,52556.01,810944.94,2.215,Assam,25.555380739387694,93.10865673181361,25.5_93.0,0.12195618747543119,good
A928,163995,147.596,0.01,14012.71,649065.0,0.728,Assam,25.513903069538028,94.29510017581838,25.5_94.25,0.047194503932425254,good
A930,19632,17.669,0.03,124881.38,780867.06,5.387,Assam,25.452046276487366,93.47709187947116,25.5_93.5,0.05314453485439516,good
A931,108860,97.974,0.01,33544.01,1005736.94,1.085,Assam,25.56752779563966,94.64532461163166,25.5_94.5,0.16024745217895292,good
A932,215762,194.186,0.0,1450723.2,31869356.0,1.521,Assam,25.467446161099318,92.63444328189806,25.5_92.75,0.12005460226773189,good
A933,57433,51.69,0.0,8047.59,322148.0,0.896,Assam,25.236134689309473,93.71272204133513,25.25_93.75,0.039773019030051426,good
A934,5212,4.691,0.01,33524.52,315549.0,3.562,Assam,25.195436439413317,94.89222488701289,25.25_94.5,0.39600194966207986,low_confidence
A935,10746,9.671,0.02,27508.34,2448195.0,0.354,Assam,25.486923299625698,94.41811382012946,25.5_94.5,0.08292373934205588,good
A936,164574,148.117,0.01,11093.2,483156.0,0.734,Assam,25.519625355969552,93.42616705014834,25.5_93.5,0.07639672166218837,good
A937,263005,236.704,0.02,118970.46,3332995.8,1.234,Assam,25.53371504344024,94.5171435576848,25.5_94.5,0.037823348929852826,good
A938,5161,4.645,3.12,1484.02,163010.0,0.297,Assam,25.988794376628128,91.21728164223127,26.0_91.25,0.0345840560119083,good
A939,258204,232.384,0.0,343056.9,12633825.0,0.912,Assam,25.34979189366203,93.90742154136522,25.25_94.0,0.13612197854808283,good
A941,11554,10.399,0.03,139968.33,6900014.0,0.669,Assam,25.462470669128535,93.04796078318236,25.5_93.0,0.060898993416355796,good
A942,12690,11.421,0.02,7931.21,3361326.0,0.063,Assam,25.425921920147097,94.75964053060153,25.5_94.5,0.27000142045133224,good
A943,7098,6.388,0.13,8265443.0,16529777.0,16.671,Assam,25.001805516420898,93.24472218308757,25.0_93.25,0.00557810370172647,good
A944,188970,170.073,0.08,1197288.0,30649570.0,1.305,Assam,25.488773312048355,92.72723611625597,25.5_92.75,0.025381743940783342,good
A947,48129,43.316,0.01,157216.78,2089963.0,2.494,Assam,25.492763279704313,94.8419477803865,25.75_94.75,0.27317599562642103,good
A948,150063,135.057,0.01,159194.69,5125838.0,1.034,Assam,25.39883427478977,94.27214404764814,25.5_94.25,0.10356091349324223,good
A949,77362,69.626,0.01,63019.52,850720.94,2.553,Assam,25.401254567272474,93.39925360283114,25.5_93.5,0.14106912145133843,good
A950,448966,404.069,0.0,306364.88,8422144.0,1.232,Assam,25.46245518034773,92.97072896017367,25.5_93.0,0.047606798414047524,good
A951,12903,11.613,0.02,6034291.0,32434028.0,6.203,Assam,25.302914223221126,92.58561040929328,25.25_92.5,0.10064321734949795,good
A952,10863,9.777,0.03,120349.68,8659805.0,0.457,Assam,25.488979435801443,93.94554870252745,25.5_94.0,0.05555534746267922,good
A953,56742,51.068,0.0,138291.69,10529774.0,0.431,Assam,25.58746277987303,93.8915695066167,25.5_94.0,0.13930868515086467,good
A954,47849,43.064,0.01,134670.97,1781023.0,2.504,Assam,25.49269032674548,93.60199772548364,25.5_93.5,0.1022593141328664,good
A955,289904,260.914,0.01,86369.48,2185014.0,1.4,Assam,25.501111214593642,93.43515888497188,25.5_93.5,0.06485063604902061,good
A956,46780,42.102,0.0,718326.9,9311719.0,2.573,Assam,25.288577876347915,93.8942545484775,25.25_94.0,0.11256266282036559,good
A957,125770,113.193,0.04,726835.8,12816273.0,1.897,Assam,25.911204754269257,94.32493335718641,26.0_94.25,0.11618779489950401,good
A958,34460,31.014,0.09,103467.92,2833928.0,1.209,Assam,25.366614553105048,93.38251369542787,25.25_93.5,0.16553545166490558,good
A959,67640,60.876,0.01,320828.6,6077515.0,1.754,Assam,25.477849218082657,93.12574038619489,25.5_93.25,0.1262184961190094,good
A960,20952,18.857,0.05,2223.16,1610383.0,0.005,Assam,25.429667242055913,92.14767021711002,25.5_92.25,0.12416956674778332,good
A961,25067,22.56,0.07,2308087.5,16202666.0,4.75,Assam,25.35801927500964,93.88972316414232,25.25_94.0,0.1543669145263603,good
A962,64751,58.276,0.01,120767.83,1894420.0,2.138,Assam,25.59066268817813,93.21556943350511,25.5_93.25,0.09698034304354755,good
A963,17367,15.63,0.0,405114.8,4877543.0,2.773,Assam,25.217560171589795,93.19958620435949,25.25_93.25,0.05994908888520745,good
A965,155847,140.262,0.01,29524.56,1157385.0,0.832,Assam,25.551196937808662,94.80466218292443,25.75_94.75,0.20618101701834018,good
A966,17064,15.358,0.19,1991971.2,10278526.0,6.456,Assam,25.488880261238734,92.8976119478304,25.5_93.0,0.10299010543350189,good
A968,25876,23.288,0.01,42924.74,3273224.0,0.424,Assam,25.39312075969152,94.7577414292094,25.5_94.5,0.2790229674055949,good
A969,70120,63.108,0.0,40917.92,4358484.0,0.313,Assam,25.056769874659313,92.0680541848894,25.0_92.25,0.19059669017349926,good
A970,24697,22.227,0.89,403633.62,40039132.0,0.336,Assam,24.981976274671236,92.36950949957935,25.0_92.25,0.12086097453038194,good
A971,57559,51.803,0.01,12071.3,16332086.0,0.021,Assam,25.500495206850555,93.74014205713559,25.5_93.75,0.009870373211935514,good
A972,386766,348.089,0.01,66503.56,2081505.0,1.139,Assam,25.519506708621403,92.40092877792314,25.5_92.5,0.10097335651072789,good
A973,86495,77.846,0.01,2616024.0,33000412.0,2.643,Assam,25.539542844480412,92.54264677148969,25.5_92.5,0.05815826397078507,good
A974,11403,10.263,0.01,32491.71,35093320.0,0.029,Assam,25.473749354458377,92.38213917877363,25.5_92.5,0.1207487870394849,good
